名前,ふりがな,アドレス,性別,年齢,誕生日,婚姻,血液型,都道府県,携帯,キャリア
吉岡 京子,よしおか きょうこ,yoshioka_kyouko@example.com,女,77,1948/8/22,既婚,AB型,北海道,080- 737- 520,ソフトバンク
牧野 真吾,まきの しんご,makino_shingo@example.com,男,71,1954/9/10,既婚,B型,茨城県,080-2558-5863,ドコモ
森 昴,もり すばる,mori_subaru@example.com,男,27,1999/7/7,既婚,O型,福島県,090-8833-8471,ドコモ
重松 怜奈,しげまつ れいな,shigematsu_reina@example.com,女,76,1950/7/20,既婚,O型,埼玉県,090-8309-2370,ドコモ
小川 優,おがわ ゆう,ogawa_yuu@example.com,女,79,1947/8/5,既婚,A型,茨城県,080-3575-9462,au
上原 栄一,うえはら えいいち,uehara_eiichi@example.com,男,75,1951/2/20,既婚,B型,宮城県,090-9399-3375,au
上原 有海,うえはら あみ,uehara_ami@example.com,女,20,2006/5/6,未婚,A型,鳥取県,090-1200-9426,au
中田 遥,なかた はるか,nakata_haruka@example.com,女,45,1980/9/23,未婚,B型,東京都,090-7640-3946,ソフトバンク
風間 未華子,かざま みかこ,kazama_mikako@example.com,女,39,1987/1/6,既婚,O型,北海道,090-3618-5522,ドコモ
伊集院 努,いじゅういん つとむ,ijuuin_tsutomu@example.com,男,23,2003/3/28,既婚,B型,広島県,090- 908-3515,ソフトバンク
福士 敏和,ふくし としかず,fukushi_toshikazu@example.com,男,80,1946/5/14,既婚,A型,埼玉県,080-9634-4443,ドコモ
中本 染五郎,なかもと そめごろう,nakamoto_somegorou@example.com,男,51,1975/2/11,既婚,B型,東京都,080-7431-5482,au
坂田 亮介,さかた りょうすけ,sakata_ryousuke@example.com,男,22,2004/5/14,未婚,O型,神奈川県,090-6814-2613,ソフトバンク
片瀬 真帆,かたせ まほ,katase_maho@example.com,女,32,1994/8/20,既婚,B型,茨城県,080-8637-1892,au
有馬 麻由子,ありま まゆこ,arima_mayuko@example.com,女,56,1969/12/14,既婚,B型,東京都,090-8744-9440,ドコモ
前田 憲一,まえだ けんいち,maeda_kenichi@example.com,男,24,2002/1/21,未婚,AB型,東京都,080- 730-4226,ドコモ
細川 功補,ほそかわ こうすけ,hosokawa_kousuke@example.com,男,30,1996/4/22,既婚,A型,大阪府,090-4102-8203,au
堀越 憲一,ほりこし けんいち,horikoshi_kenichi@example.com,男,22,2004/7/9,未婚,AB型,静岡県,090-9827-8341,au
篠原 幸子,しのはら さちこ,shinohara_sachiko@example.com,女,51,1975/3/22,既婚,AB型,神奈川県,090-4190-2252,ドコモ
北島 あさみ,きたじま あさみ,kitajima_asami@example.com,女,49,1977/8/18,既婚,A型,神奈川県,080-3671-3295,au
村松 千夏,むらまつ ちなつ,muramatsu_chinatsu@example.com,女,23,2002/11/28,未婚,A型,福岡県,090-4128-6963,ドコモ
美木 龍吉,みき りゅうきち,miki_ryuukichi@example.com,男,60,1966/6/14,既婚,B型,広島県,080-4460- 146,ドコモ
徳重 剛基,とくしげ よしき,tokushige_yoshiki@example.com,男,43,1983/3/15,既婚,A型,北海道,090-9972- 396,ドコモ
平賀 広之,ひらが ひろゆき,hiraga_hiroyuki@example.com,男,20,2006/3/7,未婚,O型,群馬県,090-2375-7919,ドコモ
三谷 涼子,みたに りょうこ,mitani_ryouko@example.com,女,34,1992/4/13,既婚,B型,群馬県,090-9505-7716,ドコモ
田辺 正敏,たなべ まさとし,tanabe_masatoshi@example.com,男,39,1987/1/10,既婚,B型,北海道,080-7823-9641,au
徳重 美嘉,とくしげ みか,tokushige_mika@example.com,女,39,1987/1/31,未婚,O型,千葉県,080-8359-6337,au
丹野 ひかり,たんの ひかり,tannno_hikari@example.com,女,68,1957/9/14,既婚,O型,神奈川県,080-2294-1821,ドコモ
野崎 きみまろ,のざき きみまろ,nozaki_kimimaro@example.com,男,70,1956/3/24,既婚,A型,千葉県,080-5456- 218,au
片桐 詩織,かたぎり しおり,katagiri_shiori@example.com,女,32,1993/10/7,既婚,A型,宮崎県,090-3071-5853,ドコモ
小木 光,おぎ ひかる,ogi_hikaru@example.com,女,24,2001/9/20,未婚,B型,兵庫県,090-2602-3036,ドコモ
山中 徹平,やまなか てっぺい,yamanaka_teppei@example.com,男,50,1976/3/8,既婚,B型,兵庫県,080-5754-9654,ドコモ
蒼井 朝陽,あおい あさひ,aoi_asahi@example.com,女,32,1993/10/7,既婚,B型,神奈川県,090-2233- 786,ドコモ
奥山 英嗣,おくやま ひでつぐ,okuyama_hidetsugu@example.com,男,30,1995/12/19,未婚,O型,神奈川県,090- 804-2330,au
芦田 耕司,あしだ こうじ,ashida_kouji@example.com,男,76,1949/12/20,既婚,B型,大阪府,090-5024-5042,ツーカー
山根 彩,やまね あや,yamane_aya@example.com,女,80,1946/2/27,既婚,O型,神奈川県,090-5918-3881,ドコモ
会田 敦,あいだ あつし,aida_atsushi@example.com,男,49,1976/9/6,未婚,A型,三重県,080-5162-8302,ドコモ
野島 直人,のじま なおと,nojima_naoto@example.com,男,64,1962/5/18,既婚,B型,山口県,090-5112-5797,ソフトバンク
依田 信吾,よりた しんご,yorita_shingo@example.com,男,57,1969/7/23,未婚,A型,東京都,080-5611-2911,ドコモ
深井 敏也,ふかい としや,fukai_toshiya@example.com,男,24,2002/1/31,既婚,B型,北海道,080-7932-6998,au
横田 一恵,よこた かづえ,yokota_kadue@example.com,女,66,1960/6/21,既婚,A型,東京都,080-8695-4614,au
野口 勇介,のぐち ゆうすけ,noguchi_yuusuke@example.com,男,76,1949/12/15,既婚,A型,神奈川県,080-8121-2797,ドコモ
高畑 浩正,たかはた ひろまさ,takahata_hiromasa@example.com,男,21,2005/6/27,未婚,A型,沖縄県,090-8735-1222,ドコモ
浜口 遥,はまぐち はるか,hamaguchi_haruka@example.com,女,42,1984/4/23,未婚,O型,北海道,080- 484-2507,au
池内 なつみ,いけうち なつみ,ikeuchi_natsumi@example.com,女,64,1962/4/8,既婚,B型,大阪府,080-3322-5856,ドコモ
松本 玲那,まつもと れな,matsumoto_rena@example.com,女,62,1964/1/26,既婚,A型,岡山県,090-7503-3965,ソフトバンク
落合 たまき,おちあい たまき,ochiai_tamaki@example.com,女,41,1985/3/18,既婚,B型,京都府,080-8105-2961,ドコモ
窪塚 晋也,くぼづか しんや,kuboduka_shinya@example.com,男,71,1954/9/21,既婚,O型,宮崎県,090-3514- 521,au
阪口 遥,さかぐち はるか,sakaguchi_haruka@example.com,女,45,1980/8/30,既婚,AB型,神奈川県,080-6715-3719,au
宇野 聡,うの さとし,uno_satoshi@example.com,男,28,1997/11/24,既婚,O型,宮崎県,080-3954-8075,ドコモ
丸田 豊,まるた ゆたか,maruta_yutaka@example.com,男,76,1950/2/9,既婚,B型,神奈川県,080-2574-5547,ドコモ
小田 あい,おだ あい,oda_ai@example.com,女,56,1970/5/7,既婚,B型,東京都,090- 333-6418,ドコモ
窪田 美嘉,くぼた みか,kubota_mika@example.com,女,65,1961/7/2,既婚,A型,兵庫県,080-2987-8180,ドコモ
小林 沙知絵,こばやし さちえ,kobayashi_sachie@example.com,女,45,1980/11/27,既婚,O型,大分県,090-8134- 514,ドコモ
米田 季衣,よねだ としえ,yoneda_toshie@example.com,女,26,1999/12/29,未婚,O型,徳島県,090-7926-6284,ドコモ
高谷 美優,たかや みゅう,takaya_myuu@example.com,女,72,1954/7/5,既婚,A型,大阪府,090-4883-3426,ソフトバンク
亀山 倫子,かめやま のりこ,kameyama_noriko@example.com,女,69,1957/1/29,既婚,O型,岐阜県,080-6401-5732,ソフトバンク
諏訪 鉄洋,すわ てつひろ,suwa_tetsuhiro@example.com,男,48,1978/8/13,既婚,O型,埼玉県,090-9054-3337,ドコモ
石崎 未來,いしざき みらい,ishizaki_mirai@example.com,女,63,1963/8/9,既婚,AB型,新潟県,090-2240-7491,ドコモ
志賀 瑠璃亜,しが るりあ,shiga_ruria@example.com,女,38,1988/4/25,既婚,O型,大阪府,090-7375-2556,ソフトバンク
西野 はるか,にしの はるか,nishino_haruka@example.com,女,31,1995/4/19,既婚,AB型,京都府,080-8428-9623,au
本間 景子,ほんま けいこ,honma_keiko@example.com,女,66,1960/1/28,既婚,A型,北海道,080-8408-6541,ドコモ
横山 高史,よこやま たかし,yokoyama_takashi@example.com,男,76,1950/6/1,既婚,AB型,熊本県,090-4977-4108,ソフトバンク
赤羽 大樹,あかばね ひろき,akabane_hiroki@example.com,男,35,1991/7/14,未婚,O型,和歌山県,090-4059-5756,ドコモ
妻夫木 知世,つまぶき ちせ,tsumabuki_chise@example.com,女,69,1956/9/12,既婚,A型,福島県,090-9503-1132,au
中野 鉄二,なかの てつじ,nakano_tetsuji@example.com,男,52,1973/9/27,既婚,A型,愛知県,090-7839-2712,ドコモ
小市 俊二,こいち しゅんじ,koichi_shunji@example.com,男,69,1957/3/3,既婚,A型,茨城県,080-2371-9030,ドコモ
大竹 奈央,おおたけ なお,ootake_nao@example.com,女,26,2000/3/20,未婚,AB型,山口県,090-9364- 710,ドコモ
小幡 由宇,おばた ゆう,obata_yuu@example.com,女,73,1953/6/15,既婚,B型,埼玉県,090-9349-3415,ドコモ
大畑 朝香,おおはた あさか,oohata_asaka@example.com,女,58,1967/9/5,既婚,O型,和歌山県,090-8633-9692,au
木戸 勝久,きど かつひさ,kido_katsuhisa@example.com,男,62,1963/12/10,既婚,O型,岩手県,080-4280-3955,au
金丸 小百合,かなまる さゆり,kanamaru_sayuri@example.com,女,50,1976/7/14,既婚,A型,埼玉県,090-1142-8166,ソフトバンク
山上 美希,やまがみ みき,yamagami_miki@example.com,女,27,1998/10/6,既婚,O型,熊本県,090-2242-1925,au
森山 里奈,もりやま りな,moriyama_rina@example.com,女,44,1982/4/18,既婚,A型,愛知県,090-5835-8420,ソフトバンク
西沢 サダヲ,にしざわ さだお,nishizawa_sadawo@example.com,男,28,1997/9/16,既婚,A型,東京都,090-  83-6021,ドコモ
藤川 圭,ふじかわ けい,fujikawa_kei@example.com,男,53,1972/9/28,既婚,O型,千葉県,090-2276-5193,au
後藤 貴美子,ごとう きみこ,gotou_kimiko@example.com,女,49,1977/2/21,既婚,O型,大阪府,080-6080-7948,ドコモ
堤 精児,つつみ せいじ,tsutsumi_seiji@example.com,男,65,1961/1/7,既婚,O型,大阪府,090-1269-5579,au
玉田 だん吉,たまだ だんきち,tamada_dankichi@example.com,男,37,1988/8/31,既婚,B型,兵庫県,090-3757-2996,au
高尾 瞬,たかお しゅん,takao_shun@example.com,男,47,1979/3/26,未婚,AB型,神奈川県,090-4370- 269,ドコモ
高見 沙耶,たかみ さや,takami_saya@example.com,女,56,1969/8/22,既婚,O型,熊本県,080-6619-4270,au
井本 祐一,いもと ゆういち,imoto_yuuichi@example.com,男,22,2004/7/29,未婚,A型,長崎県,090-2475-3227,ドコモ
梅本 美菜,うめもと みな,umemoto_mina@example.com,女,59,1966/10/19,既婚,B型,千葉県,090- 745-2293,ドコモ
深田 未華子,ふかだ みかこ,fukada_mikako@example.com,女,47,1979/1/29,既婚,B型,京都府,080-1787-8599,ドコモ
稲垣 花,いながき はな,inagaki_hana@example.com,女,21,2004/12/19,既婚,B型,東京都,090- 753-4498,ドコモ
山田 直人,やまだ なおと,yamada_naoto@example.com,男,39,1986/11/24,既婚,A型,福岡県,080-7025-  20,ドコモ
横山 春樹,よこやま はるき,yokoyama_haruki@example.com,女,68,1958/6/13,既婚,A型,大阪府,090-1736-1609,ソフトバンク
末吉 さゆり,すえきち さゆり,suekichi_sayuri@example.com,女,50,1976/7/14,既婚,B型,千葉県,080-6766-8551,ソフトバンク
古川 ヒロ,ふるかわ ひろ,furukawa_hiro@example.com,男,23,2002/12/20,未婚,B型,神奈川県,080-5196-  57,ソフトバンク
稲垣 正義,いながき まさよし,inagaki_masayoshi@example.com,男,50,1975/9/17,既婚,O型,長野県,090-4246-1222,ドコモ
岩田 華子,いわた はなこ,iwata_hanako@example.com,女,50,1975/11/9,既婚,A型,群馬県,080- 970-1416,ドコモ
森山 昴,もりやま すばる,moriyama_subaru@example.com,男,43,1983/5/19,既婚,O型,兵庫県,090-8851-2628,ドコモ
浜本 涼,はまもと りょう,hamamoto_ryou@example.com,女,41,1985/1/31,既婚,B型,三重県,080-9443-1396,au
細谷 豊,ほそや ゆたか,hosoya_yutaka@example.com,男,77,1949/5/14,既婚,A型,北海道,090-8807-7102,ドコモ
門脇 勝久,かどわき かつひさ,kadowaki_katsuhisa@example.com,男,28,1997/12/18,既婚,B型,東京都,080-9188-2129,au
草村 恵麻,くさむら えま,kusamura_ema@example.com,女,45,1981/2/8,既婚,B型,愛知県,090-4399-8853,ドコモ
河原 ひろみ,かわはら ひろみ,kawahara_hiromi@example.com,女,77,1949/8/6,既婚,AB型,千葉県,090-4359-2415,au
松本 恵梨香,まつもと えりか,matsumoto_erika@example.com,女,20,2006/6/30,未婚,A型,滋賀県,080-3190-1913,ドコモ
明石 ひろ子,あかし ひろこ,akashi_hiroko@example.com,女,56,1969/12/6,既婚,A型,兵庫県,090-3843-1177,au
手塚 朝陽,てづか あさひ,teduka_asahi@example.com,女,40,1986/4/22,未婚,B型,滋賀県,080-4382- 981,au
大内 俊介,おおうち しゅんすけ,oouchi_shunsuke@example.com,男,37,1988/11/12,既婚,A型,兵庫県,090- 293-9643,ドコモ
深田 知世,ふかだ ちせ,fukada_chise@example.com,女,39,1987/6/30,既婚,O型,東京都,090-8519-8062,ドコモ
小西 良介,こにし りょうすけ,konishi_ryousuke@example.com,男,68,1958/2/25,既婚,O型,愛知県,080-1689-7790,ドコモ
根岸 直人,ねぎし なおと,negishi_naoto@example.com,男,49,1976/10/11,既婚,A型,熊本県,080-1241-8430,ソフトバンク
古屋 はるか,ふるや はるか,furuya_haruka@example.com,女,41,1984/11/5,既婚,A型,長野県,090-1051- 184,ドコモ
中島 明,なかじま あきら,nakajima_akira@example.com,男,63,1962/12/20,既婚,A型,愛知県,080-5751-2645,ドコモ
布川 さんま,ふかわ さんま,fukawa_sanma@example.com,男,67,1958/9/20,既婚,O型,埼玉県,080-1367-5746,ドコモ
寺田 俊介,てらだ しゅんすけ,terada_shunsuke@example.com,男,46,1980/3/11,既婚,A型,静岡県,080-8036-9326,ドコモ
杉野 れいな,すぎの れいな,sugino_reina@example.com,女,79,1947/8/5,既婚,O型,北海道,080-2618-4969,au
米谷 優一,よねや ゆういち,yoneya_yuuichi@example.com,男,43,1983/8/12,既婚,B型,東京都,080-1713-5988,ドコモ
長谷 優,ながや ゆう,nagaya_yuu@example.com,女,75,1951/8/19,既婚,B型,岩手県,080-6104-6868,ソフトバンク
永井 なつみ,ながい なつみ,nagai_natsumi@example.com,女,31,1995/5/6,既婚,O型,高知県,090-5621-2575,au
飛田 六郎,ひだ ろくろう,hida_rokurou@example.com,男,79,1947/7/17,既婚,B型,北海道,080-7989-6316,ドコモ
外山 麻由子,そとやま まゆこ,sotoyama_mayuko@example.com,女,47,1979/3/12,既婚,B型,三重県,080-6982-4334,ドコモ
中島 一,なかしま はじめ,nakashima_hajime@example.com,男,44,1982/3/23,既婚,B型,京都府,080-9142- 541,au
手塚 明,てづか あきら,teduka_akira@example.com,男,30,1996/5/4,既婚,A型,埼玉県,080-6098-7334,ドコモ
長崎 雅彦,ながさき まさひこ,nagasaki_masahiko@example.com,男,65,1960/9/29,既婚,O型,東京都,080-1975-1341,ドコモ
山田 陽介,やまだ ようすけ,yamada_yousuke@example.com,男,29,1997/7/17,既婚,AB型,神奈川県,090-5097-1342,au
横山 太朗,よこやま たろう,yokoyama_tarou@example.com,男,55,1971/7/10,既婚,A型,神奈川県,080-7008-7017,au
鎌田 直人,かまた なおと,kamata_naoto@example.com,男,33,1993/3/23,既婚,O型,青森県,080-3288- 815,ソフトバンク
中島 勤,なかじま つとむ,nakajima_tsutomu@example.com,男,41,1985/5/22,既婚,AB型,愛媛県,090-2353-5231,au
川越 豊,かわごえ ゆたか,kawagoe_yutaka@example.com,男,29,1996/10/23,未婚,B型,宮城県,090-5097-5527,au
中尾 ジョージ,なかお じょーじ,nakao_george@example.com,男,48,1978/8/12,既婚,A型,千葉県,090-8264-4787,ソフトバンク
宇田川 優一,うだがわ ゆういち,udagawa_yuuichi@example.com,男,51,1974/11/30,既婚,A型,和歌山県,090-3462-7783,au
北田 なぎさ,きただ なぎさ,kitada_nagisa@example.com,女,32,1994/4/12,既婚,O型,愛媛県,090-6223- 910,ソフトバンク
高岡 雅彦,たかおか まさひこ,takaoka_masahiko@example.com,男,77,1949/4/28,既婚,O型,愛知県,080-1882-3303,ソフトバンク
黒木 綾女,くろき あやめ,kuroki_ayame@example.com,女,47,1979/3/5,既婚,O型,神奈川県,090-7820-4796,ドコモ
宮地 南朋,みやじ なお,miyaji_nao@example.com,女,24,2002/6/17,既婚,O型,千葉県,090-2072-7677,ドコモ
鹿島 基祐,かしま きすけ,kashima_kisuke@example.com,男,25,2001/2/2,既婚,B型,北海道,080-2950-4115,ドコモ
小関 璃奈子,こぜき りなこ,kozeki_rinako@example.com,女,31,1994/10/25,未婚,B型,神奈川県,090-1376-9778,ドコモ
戸田 知史,とだ ともふみ,toda_tomofumi@example.com,男,34,1991/9/26,未婚,A型,岐阜県,090-9460-6764,ドコモ
小野 孝太郎,おの こうたろう,ono_koutarou@example.com,男,41,1984/12/12,未婚,O型,大阪府,090-4725-7736,au
桑原 薫,くわばら かおる,kuwabara_kaoru@example.com,女,72,1954/7/13,既婚,O型,長野県,080-7545-5412,ドコモ
岡本 七世,おかもと ななせ,okamoto_nanase@example.com,女,44,1981/11/30,既婚,B型,埼玉県,090-9997-1930,ドコモ
小寺 有海,こでら あみ,kodera_ami@example.com,女,48,1978/5/12,既婚,O型,兵庫県,090-1676-5399,ソフトバンク
磯部 正敏,いそべ まさとし,isobe_masatoshi@example.com,男,74,1952/8/10,既婚,A型,東京都,080-3147-3027,ドコモ
藤村 一哉,ふじむら かずや,fujimura_kazuya@example.com,男,42,1983/10/30,既婚,B型,千葉県,090- 860-3166,ドコモ
長谷川 利夫,はせがわ としお,hasegawa_toshio@example.com,男,46,1980/1/28,未婚,O型,大阪府,080- 424-1347,au
保坂 麗奈,ほさか れな,hosaka_rena@example.com,女,46,1979/10/25,既婚,O型,岡山県,080-4438-6763,ドコモ
島田 未來,しまだ みらい,shimada_mirai@example.com,女,26,1999/12/17,既婚,B型,大阪府,080-9372-6788,ドコモ
細野 晋也,ほその しんや,hosono_shinya@example.com,男,20,2006/2/5,未婚,A型,秋田県,090-5463-4004,ドコモ
芦田 勝久,あしだ かつひさ,ashida_katsuhisa@example.com,男,65,1961/5/28,既婚,O型,京都府,080-8143-6142,ドコモ
梅本 さやか,うめもと さやか,umemoto_sayaka@example.com,女,22,2004/5/15,未婚,A型,大分県,090-7019-7576,ドコモ
田中 美菜,たなか みな,tanaka_mina@example.com,女,78,1947/12/26,既婚,A型,東京都,080-3898-6971,ドコモ
関谷 秀樹,せきや ひでき,sekiya_hideki@example.com,男,45,1981/7/3,既婚,B型,滋賀県,080-8556-9778,ドコモ
坂本 昌代,さかもと まさよ,sakamoto_masayo@example.com,女,34,1992/1/27,既婚,O型,鳥取県,090-5779-4218,au
貫地谷 啓介,かんじや けいすけ,kanjiya_keisuke@example.com,男,67,1958/11/5,既婚,O型,大阪府,090-9474-2725,ドコモ
山上 恵麻,やまがみ えま,yamagami_ema@example.com,女,56,1969/9/19,既婚,O型,沖縄県,080-6066-7385,ドコモ
富永 朝香,とみなが あさか,tominaga_asaka@example.com,女,22,2004/4/28,未婚,O型,大分県,090-5813-2558,ソフトバンク
堤 寿々花,つつみ すずか,tsutsumi_suzuka@example.com,女,24,2002/3/12,既婚,A型,兵庫県,090-4700-2524,ドコモ
澤田 建,さわだ けん,sawada_ken@example.com,男,37,1989/7/14,既婚,B型,大阪府,080-2923-8749,au
若松 高史,わかまつ たかし,wakamatsu_takashi@example.com,男,50,1975/10/4,既婚,O型,北海道,080-7381-4341,ドコモ
小野寺 真悠子,おのでら まゆこ,onodera_mayuko@example.com,女,38,1988/4/15,既婚,B型,千葉県,080-2495-1682,ソフトバンク
中 良介,なか りょうすけ,naka_ryousuke@example.com,男,27,1999/6/3,未婚,B型,京都府,090-5873-9439,ドコモ
花岡 育二,はなおか いくじ,hanaoka_ikuji@example.com,男,31,1995/2/10,既婚,A型,岐阜県,090-6218-3583,ドコモ
五大 蒼甫,ごだい そうすけ,godai_sousuke@example.com,男,74,1952/7/17,既婚,A型,埼玉県,080-1042-2205,ドコモ
有賀 莉央,ありが りお,ariga_rio@example.com,女,28,1997/10/23,既婚,A型,東京都,090- 711-9384,au
砂川 あい,すなかわ あい,sunakawa_ai@example.com,女,60,1965/8/31,既婚,A型,愛媛県,090-4493-9952,ソフトバンク
染谷 友也,そめや ともや,someya_tomoya@example.com,男,61,1964/9/2,既婚,A型,愛知県,090-9141-5325,au
ユースケ 美佳,ゆーすけ みか,yusuke_mika@example.com,女,80,1946/6/3,既婚,B型,福岡県,080-3399-3735,ドコモ
松岡 涼,まつおか りょう,matsuoka_ryou@example.com,女,58,1967/12/26,既婚,AB型,神奈川県,080-4198-4020,ソフトバンク
北川 米蔵,きたかわ よねぞう,kitakawa_yonezou@example.com,男,46,1980/7/31,既婚,O型,福岡県,090-5343-5776,ドコモ
下山 隆博,しもやま たかひろ,shimoyama_takahiro@example.com,男,45,1981/6/11,既婚,A型,青森県,080-4731-5299,ドコモ
菅谷 まなみ,すがや まなみ,sugaya_manami@example.com,女,61,1964/10/30,既婚,A型,新潟県,080-5602-3624,ソフトバンク
藤村 エリカ,ふじむら えりか,fujimura_erika@example.com,女,43,1983/6/24,既婚,O型,群馬県,090-4483-2416,ソフトバンク
大河内 ヒロ,おおこうち ひろ,ookouchi_hiro@example.com,男,43,1982/11/6,未婚,O型,大阪府,080-8403-5035,ドコモ
彼方 徹平,かなた てっぺい,kanata_teppei@example.com,男,68,1957/12/19,既婚,A型,三重県,080-5873-3202,ドコモ
笠井 朝陽,かさい あさひ,kasai_asahi@example.com,女,66,1960/2/23,既婚,A型,広島県,090-6165-6137,ソフトバンク
竹中 宏行,たけなか ひろゆき,takenaka_hiroyuki@example.com,男,57,1968/9/5,既婚,A型,埼玉県,090-4792-5373,ドコモ
戸田 礼子,とだ れいこ,toda_reiko@example.com,女,56,1970/4/29,既婚,B型,宮崎県,090-6694-8697,ドコモ
市田 雅之,いちだ まさゆき,ichida_masayuki@example.com,男,33,1993/8/8,既婚,AB型,埼玉県,090-3747-4587,ドコモ
田畑 詩織,たばた しおり,tabata_shiori@example.com,女,50,1976/1/23,既婚,A型,北海道,090-7704- 237,ドコモ
福田 建,ふくだ けん,fukuda_ken@example.com,男,28,1997/9/13,既婚,A型,埼玉県,080- 581-2830,ドコモ
久保田 花,くぼた はな,kubota_hana@example.com,女,33,1993/7/31,未婚,O型,静岡県,080- 831-3378,au
亀田 法子,かめだ のりこ,kameda_noriko@example.com,女,49,1976/10/14,既婚,O型,千葉県,080-8274-3474,ソフトバンク
秋山 さんま,あきやま さんま,akiyama_sanma@example.com,男,42,1984/6/9,既婚,A型,埼玉県,090-3575-8108,ドコモ
山上 進,やまがみ すすむ,yamagami_susumu@example.com,男,80,1946/3/10,既婚,A型,岐阜県,090-8043-7732,ドコモ
豊島 獅童,とよしま しどう,toyoshima_shidou@example.com,男,46,1980/6/18,既婚,B型,東京都,080-7316-2672,au
瀬戸 兼,せと けん,seto_ken@example.com,男,76,1950/5/12,既婚,O型,福岡県,080-3161-5347,ドコモ
竹村 亮介,たけむら りょうすけ,takemura_ryousuke@example.com,男,43,1983/1/21,既婚,O型,大阪府,090-2666-5461,au
川端 丈史,かわばた たけし,kawabata_takeshi@example.com,男,76,1949/12/13,既婚,O型,山口県,090-4474- 112,ドコモ
緒形 洋,おがた よう,ogata_you@example.com,男,64,1962/8/20,既婚,O型,岡山県,090-  13-1669,ドコモ
黒川 陽子,くろかわ ようこ,kurokawa_youko@example.com,女,29,1996/11/19,既婚,A型,宮城県,080- 674-8327,au
石山 有海,いしやま あみ,ishiyama_ami@example.com,女,80,1945/9/27,既婚,O型,鹿児島県,090-3082-4540,ドコモ
清田 早紀,きよた さき,kiyota_saki@example.com,女,43,1982/11/3,既婚,O型,熊本県,090-6852-5412,ドコモ
西村 悟志,にしむら さとし,nishimura_satoshi@example.com,男,24,2002/4/11,未婚,A型,香川県,080-6849-1788,au
今 健,いま けん,ima_ken@example.com,男,63,1962/10/6,既婚,A型,北海道,080-3746-2779,ドコモ
田村 圭,たむら けい,tamura_kei@example.com,男,58,1967/9/23,既婚,B型,神奈川県,090-7961-3201,ドコモ
金井 恵梨香,かない えりか,kanai_erika@example.com,女,53,1973/7/13,既婚,AB型,埼玉県,080-7507-3573,au
田村 薫,たむら かおる,tamura_kaoru@example.com,男,64,1962/5/10,既婚,A型,東京都,090-6188-5585,ツーカー
内藤 美智子,ないとう みちこ,naitou_michiko@example.com,女,48,1978/7/29,既婚,O型,東京都,080-5539-2134,au
城戸 蒼甫,きど そうすけ,kido_sousuke@example.com,男,57,1969/4/22,既婚,A型,東京都,080-9168-5989,ドコモ
坂東 七世,ばんとう ななせ,banntou_nanase@example.com,女,51,1974/12/30,既婚,O型,神奈川県,080-8237-7913,ドコモ
梅沢 茜,うめざわ あかね,umezawa_akane@example.com,女,70,1956/3/16,既婚,O型,鹿児島県,090-9903-3693,ドコモ
依田 知世,よりた ちせ,yorita_chise@example.com,女,28,1998/1/14,既婚,O型,愛知県,080-9092- 203,ソフトバンク
有村 美月,ありむら みづき,arimura_miduki@example.com,女,62,1964/1/9,既婚,A型,神奈川県,080-7114-5591,ドコモ
篠崎 ヒカル,しのざき ひかる,shinozaki_hikaru@example.com,女,68,1957/11/9,既婚,A型,長崎県,080-6751-5309,ソフトバンク
三宅 建,みやけ けん,miyake_ken@example.com,男,72,1954/4/9,既婚,A型,福岡県,090-2619-8515,ドコモ
平田 利夫,ひらた としお,hirata_toshio@example.com,男,80,1946/4/22,既婚,B型,千葉県,080-2144-2744,ソフトバンク
阿部 麻緒,あべ まお,abe_mao@example.com,女,45,1981/1/15,既婚,B型,奈良県,080-7421-5572,au
青木 涼子,あおき りょうこ,aoki_ryouko@example.com,女,65,1960/12/12,既婚,A型,栃木県,090-1790-1728,au
谷川 沙耶,たにかわ さや,tanikawa_saya@example.com,女,69,1957/4/10,既婚,A型,岩手県,090-9126-1855,ソフトバンク
勝地 昌代,かつぢ まさよ,katsudi_masayo@example.com,女,47,1978/9/23,既婚,A型,青森県,090-4778-3571,au
堤 恵麻,つつみ えま,tsutsumi_ema@example.com,女,42,1984/6/13,既婚,O型,千葉県,090-7709-7800,ドコモ
岩佐 崇史,いわさ たかし,iwasa_takashi@example.com,男,38,1987/10/2,未婚,A型,愛知県,090-5815-9601,ドコモ
加瀬 光博,かせ みつひろ,kase_mitsuhiro@example.com,男,51,1975/3/12,未婚,A型,神奈川県,080-4459-6104,au
久保田 雅彦,くぼた まさひこ,kubota_masahiko@example.com,男,53,1973/2/27,既婚,O型,愛媛県,090-9984-7965,ソフトバンク
前川 正義,まえかわ まさよし,maekawa_masayoshi@example.com,男,69,1957/8/6,既婚,A型,神奈川県,090- 210- 435,ドコモ
依田 玲那,よりた れな,yorita_rena@example.com,女,55,1971/7/15,既婚,A型,福島県,090-6605-6092,ドコモ
川崎 麻由子,かわさき まゆこ,kawasaki_mayuko@example.com,女,49,1976/10/1,既婚,A型,大阪府,080-3626-1145,ソフトバンク
小泉 完爾,こいずみ かんじ,koizumi_kanji@example.com,男,26,2000/6/13,既婚,O型,兵庫県,080-9764-8669,ドコモ
吉田 将也,よしだ まさや,yoshida_masaya@example.com,男,30,1995/9/18,未婚,O型,青森県,080-8488-4914,ドコモ
前島 優,まえじま ゆう,maejima_yuu@example.com,女,77,1949/5/4,既婚,B型,東京都,080-1648-3766,ドコモ
松岡 鉄二,まつおか てつじ,matsuoka_tetsuji@example.com,男,44,1982/4/30,既婚,B型,福岡県,080- 480-1624,ドコモ
米田 明宏,よねだ あきひろ,yoneda_akihiro@example.com,男,40,1985/10/13,既婚,O型,熊本県,090-1904-2241,ソフトバンク
海野 茂樹,うみの しげき,umino_shigeki@example.com,男,60,1966/6/4,既婚,A型,神奈川県,090-8968-2796,ソフトバンク
川野 明宏,かわの あきひろ,kawano_akihiro@example.com,男,51,1975/2/25,既婚,AB型,広島県,080-1690-7684,ドコモ
谷 結子,たに ゆうこ,tani_yuuko@example.com,女,66,1960/7/17,既婚,A型,兵庫県,080-7742-1733,ドコモ
三船 誠一,みふね せいいち,mifune_seiichi@example.com,男,22,2003/11/13,既婚,O型,千葉県,080-5013-6025,ドコモ
高樹 光臣,たかぎ みつおみ,takagi_mitsuomi@example.com,男,65,1960/12/21,既婚,O型,東京都,090- 557-5889,ドコモ
岡田 法子,おかだ のりこ,okada_noriko@example.com,女,51,1974/12/17,既婚,O型,熊本県,090-2304-5455,au
水谷 サダヲ,みずたに さだお,mizutani_sadawo@example.com,男,58,1967/11/3,既婚,O型,東京都,080-2639-7155,ドコモ
谷本 徹,たにもと とおる,tanimoto_tohru@example.com,男,65,1961/4/6,既婚,AB型,静岡県,090-1964-8533,ドコモ
飯田 昴,いいだ すばる,iida_subaru@example.com,男,37,1989/2/15,既婚,O型,岩手県,080-8067-5552,au
川上 さとみ,かわかみ さとみ,kawakami_satomi@example.com,女,62,1964/6/18,既婚,A型,東京都,090-4851-9262,au
邑野 路子,むらの みちこ,murano_michiko@example.com,女,39,1986/11/6,既婚,A型,高知県,080-5173-6316,au
北条 幸平,ほうじょう こうへい,houjou_kouhei@example.com,男,38,1988/4/21,既婚,AB型,宮城県,090-4342-8501,ドコモ
ともさか 正敏,ともさか まさとし,tomosaka_masatoshi@example.com,男,64,1962/3/19,既婚,A型,埼玉県,090-7693-9564,ドコモ
小谷 裕司,こたに ゆうじ,kotani_yuuji@example.com,男,72,1953/8/22,既婚,A型,東京都,080- 697-1387,ドコモ
有田 美智子,ありた みちこ,arita_michiko@example.com,女,51,1975/6/3,既婚,A型,宮城県,080-8507-5597,au
坂下 努,さかした つとむ,sakashita_tsutomu@example.com,男,22,2004/5/21,未婚,A型,栃木県,080-3021- 385,ドコモ
松木 法嗣,まつき ほうし,matsuki_houshi@example.com,男,50,1975/9/14,未婚,O型,千葉県,090-5303-7462,ドコモ
馬場 陽子,ばば ようこ,baba_youko@example.com,女,26,2000/6/27,未婚,O型,新潟県,090-5054-7257,ソフトバンク
大森 聡,おおもり さとし,oomori_satoshi@example.com,男,37,1989/7/7,既婚,B型,東京都,090-3450-5653,ソフトバンク
柴咲 明,しばさき あきら,shibasaki_akira@example.com,男,37,1989/7/30,既婚,B型,岐阜県,080-2490-6589,au
豊原 里穂,とよはら りほ,toyohara_riho@example.com,女,51,1975/3/28,既婚,O型,栃木県,090- 750-7756,ドコモ
植松 礼子,うえまつ れいこ,uematsu_reiko@example.com,女,41,1985/8/12,既婚,B型,高知県,080-9320-2539,ドコモ
平沢 守,ひらさわ まもる,hirasawa_mamoru@example.com,男,61,1965/5/15,既婚,O型,東京都,090-1549-8489,ドコモ
成瀬 希,なるせ のぞみ,naruse_nozomi@example.com,女,61,1964/11/12,既婚,B型,東京都,080-9041-9186,ドコモ
奈良 なつみ,なら なつみ,nara_natsumi@example.com,女,51,1975/2/24,既婚,B型,愛知県,080-3981-2896,ドコモ
生田 メイサ,なまた めいさ,namata_meisa@example.com,女,47,1979/6/19,既婚,O型,東京都,090-3263-3302,ドコモ
高岡 亜希,たかおか あき,takaoka_aki@example.com,女,29,1996/9/1,既婚,O型,兵庫県,080-3766-7433,ドコモ
芹沢 菜々美,せりざわ ななみ,serizawa_nanami@example.com,女,36,1990/6/16,既婚,B型,福岡県,080-5428-6400,au
大森 はるか,おおもり はるか,oomori_haruka@example.com,女,52,1973/9/29,既婚,A型,宮城県,080-1166- 421,au
青木 七世,あおき ななせ,aoki_nanase@example.com,女,64,1962/6/1,既婚,O型,大阪府,090- 951- 773,ドコモ
吉川 佑,きっかわ たすく,kikkawa_tasuku@example.com,男,80,1946/8/9,既婚,AB型,大阪府,080-4245-4666,ドコモ
坂野 涼子,いたの りょうこ,itano_ryouko@example.com,女,49,1976/12/16,既婚,B型,愛知県,080-7142-1639,ドコモ
大庭 なつみ,おおにわ なつみ,ooniwa_natsumi@example.com,女,73,1952/12/8,既婚,O型,京都府,090-1595-1156,ドコモ
福井 佑,ふくい たすく,fukui_tasuku@example.com,男,59,1967/1/3,既婚,O型,長崎県,080-6755-4712,ソフトバンク
長野 誠治,ながの せいじ,nagano_seiji@example.com,男,31,1995/1/19,既婚,O型,岐阜県,090-1151-3453,ドコモ
平井 友以乃,ひらい ゆいの,hirai_yuino@example.com,女,71,1955/5/5,既婚,A型,福岡県,080-7881-5342,au
羽田 めぐみ,はだ めぐみ,hada_megumi@example.com,女,38,1988/1/18,既婚,B型,東京都,090-8581-7884,au
梅津 美佐,うめづ みさ,umedu_misa@example.com,女,39,1986/12/28,既婚,O型,埼玉県,090- 329-1917,ドコモ
三浦 了,みうら りょう,miura_ryou@example.com,男,72,1954/3/26,既婚,O型,三重県,080-9076-4718,ソフトバンク
福士 彩,ふくし あや,fukushi_aya@example.com,女,42,1984/1/16,既婚,B型,新潟県,080-4361-2410,ドコモ
浜崎 さやか,はまさき さやか,hamasaki_sayaka@example.com,女,33,1992/10/24,既婚,B型,大阪府,080- 120- 368,ソフトバンク
平賀 信吾,ひらが しんご,hiraga_shingo@example.com,男,73,1953/1/22,既婚,O型,東京都,090-1910-8907,ドコモ
橘 勇太,たちばな ゆうた,tachibana_yuuta@example.com,男,73,1953/8/19,既婚,O型,千葉県,080-   9- 122,ドコモ
結城 亜希,ゆうき あき,yuuki_aki@example.com,女,40,1986/8/3,既婚,B型,福島県,080-3080- 504,ドコモ
柳 沙耶,やなぎ さや,yanagi_saya@example.com,女,31,1994/11/24,既婚,O型,埼玉県,090-7541-5140,ドコモ
北山 育二,きたやま いくじ,kitayama_ikuji@example.com,男,63,1963/5/13,既婚,A型,埼玉県,080-1811- 279,au
池谷 夏空,いけたに そら,iketani_sora@example.com,女,38,1988/1/16,未婚,A型,大阪府,080-2353-6282,ツーカー
川原 ひとみ,かわはら ひとみ,kawahara_hitomi@example.com,女,34,1992/8/4,既婚,A型,埼玉県,080-4140-6981,ソフトバンク
金子 明宏,かねこ あきひろ,kaneko_akihiro@example.com,男,28,1998/7/7,既婚,O型,兵庫県,080-2896- 943,ドコモ
宮坂 まひる,みやさか まひる,miyasaka_mahiru@example.com,女,43,1983/3/7,既婚,A型,熊本県,080- 483-6781,au
内藤 美佐子,ないとう みさこ,naitou_misako@example.com,女,20,2005/12/2,既婚,AB型,兵庫県,090-9995-7286,au
片桐 陽子,かたぎり ようこ,katagiri_youko@example.com,女,34,1992/1/10,既婚,O型,福島県,090-9753-4729,au
榊原 はじめ,さかきばら はじめ,sakakibara_hajime@example.com,男,71,1954/12/1,既婚,O型,山形県,080-8319-3228,ドコモ
楠 杏,くすのき あん,kusunoki_ann@example.com,女,60,1966/5/22,既婚,O型,北海道,090-8000-9619,ドコモ
荒木 精児,あらき せいじ,araki_seiji@example.com,男,40,1986/7/13,既婚,A型,神奈川県,090-5901-5150,ソフトバンク
熊谷 小雁,くまがや こがん,kumagaya_kogan@example.com,男,26,2000/2/4,既婚,B型,埼玉県,090-7552-9698,ドコモ
山田 茜,やまだ あかね,yamada_akane@example.com,女,65,1960/10/29,既婚,B型,群馬県,080-3120-3610,au
奥山 勇介,おくやま ゆうすけ,okuyama_yuusuke@example.com,男,73,1953/8/4,既婚,O型,神奈川県,080-4345-  17,ツーカー
香椎 詩織,かしい しおり,kashii_shiori@example.com,女,69,1957/7/14,既婚,O型,北海道,080-7252- 367,ドコモ
五十嵐 三省,いがらし さんせい,igarashi_sansei@example.com,男,63,1963/2/20,既婚,A型,兵庫県,080-1320-5379,ドコモ
河野 蒼甫,かわの そうすけ,kawano_sousuke@example.com,男,32,1994/2/23,既婚,O型,福岡県,080-6825-2671,ソフトバンク
柴田 ジローラモ,しばた じろーらも,shibata_girolamo@example.com,男,55,1971/1/6,既婚,O型,北海道,090-4356-5561,au
内村 路子,うちむら みちこ,uchimura_michiko@example.com,女,32,1993/11/29,未婚,A型,長崎県,090-1592-7194,ソフトバンク
都築 マサカズ,つづき まさかず,tsuduki_masakazu@example.com,男,44,1982/5/19,既婚,O型,埼玉県,080-4244-2012,ドコモ
妹尾 正敏,せお まさとし,seo_masatoshi@example.com,男,51,1975/6/22,既婚,A型,北海道,080-8936-7017,au
成瀬 禄郎,なるせ ろくろう,naruse_rokurou@example.com,男,42,1984/7/21,未婚,O型,愛知県,090-3705-7344,ドコモ
藤本 秀隆,ふじもと ひでたか,fujimoto_hidetaka@example.com,男,54,1972/7/7,既婚,O型,広島県,090-5994- 830,ドコモ
岩崎 愛子,いわさき あいこ,iwasaki_aiko@example.com,女,78,1948/6/8,既婚,O型,三重県,090-2336- 805,ドコモ
乾 恵梨香,いぬい えりか,inui_erika@example.com,女,52,1974/3/21,既婚,A型,大阪府,090-8626-3986,au
小玉 倫子,こだま のりこ,kodama_noriko@example.com,女,27,1999/8/9,既婚,A型,長崎県,080-4776-4445,ドコモ
野島 徹,のじま とおる,nojima_tooru@example.com,男,73,1953/7/27,既婚,O型,東京都,080-3732-6122,au
西谷 たまき,にしや たまき,nishiya_tamaki@example.com,女,67,1958/11/26,既婚,AB型,大阪府,080-8109-5917,ドコモ
芳賀 景子,はが けいこ,haga_keiko@example.com,女,62,1964/6/7,既婚,A型,大阪府,090- 130-9903,ドコモ
小沢 兼,おざわ けん,ozawa_ken@example.com,男,21,2005/7/11,既婚,O型,茨城県,090-3807-4745,au
福田 真一,ふくだ しんいち,fukuda_shinichi@example.com,男,47,1978/11/14,未婚,A型,北海道,080-5445-9966,ドコモ
堀越 薫,ほりこし かおる,horikoshi_kaoru@example.com,男,66,1960/6/26,既婚,O型,埼玉県,080-7148-9503,au
川原 美咲,かわはら みさき,kawahara_misaki@example.com,女,60,1966/8/13,既婚,O型,福岡県,080-2064- 275,ソフトバンク
堀内 えみ,ほりうち えみ,horiuchi_emi@example.com,女,49,1976/11/4,既婚,B型,東京都,090-3162-3634,ドコモ
沼田 光,ぬまた ひかる,numata_hikaru@example.com,男,45,1981/7/30,既婚,O型,宮城県,080-4300-2037,au
小栗 理紗,おぐり りさ,oguri_risa@example.com,女,69,1957/5/29,既婚,A型,山口県,090-2684-7579,ドコモ
大高 さやか,おおだか さやか,oodaka_sayaka@example.com,女,79,1947/1/22,既婚,A型,岡山県,080-1420-2844,au
白石 誠一,しらいし せいいち,shiraishi_seiichi@example.com,男,34,1992/8/20,未婚,B型,広島県,090-5107-4602,ドコモ
徳田 美佐子,とくた みさこ,tokuta_misako@example.com,女,66,1959/11/5,既婚,O型,茨城県,080-7127- 996,ドコモ
白川 しぼり,しらかわ しぼり,shirakawa_shibori@example.com,女,73,1953/2/16,既婚,B型,京都府,090-5783-6974,au
児島 はるみ,こじま はるみ,kojima_harumi@example.com,女,42,1984/7/27,既婚,O型,広島県,090-5476-6869,au
村山 大樹,むらやま ひろき,murayama_hiroki@example.com,男,68,1958/8/18,既婚,O型,岐阜県,090-5951-8260,ドコモ
乾 小百合,いぬい さゆり,inui_sayuri@example.com,女,60,1966/8/17,既婚,A型,岐阜県,080-6036-5836,ドコモ
馬場 沙耶,ばば さや,baba_saya@example.com,女,39,1987/7/24,既婚,O型,兵庫県,090-1280-6169,au
薬師丸 徹,やくしまる とおる,yakushimaru_tooru@example.com,男,69,1957/8/5,既婚,B型,山口県,080-7358-4562,ソフトバンク
入江 美佳,いりえ みか,irie_mika@example.com,女,59,1966/12/14,未婚,A型,愛知県,080-1920-8799,ソフトバンク
対馬 完爾,つしま かんじ,tsushima_kanji@example.com,男,41,1985/6/15,既婚,A型,茨城県,090-7498-4496,ドコモ
澤田 雅之,さわだ まさゆき,sawada_masayuki@example.com,男,54,1972/5/14,既婚,B型,山形県,090-2061-5266,ドコモ
野口 陽子,のぐち ようこ,noguchi_youko@example.com,女,28,1998/1/25,既婚,O型,岐阜県,090-3514-3055,ドコモ
結城 弘也,ゆうき ひろなり,yuuki_hironari@example.com,男,24,2002/8/6,既婚,O型,神奈川県,080- 635-9420,ドコモ
吉沢 鉄二,よしざわ てつじ,yoshizawa_tetsuji@example.com,男,57,1969/1/2,既婚,A型,東京都,090-8382-4412,au
大坪 由宇,おおつぼ ゆう,ootsubo_yuu@example.com,女,60,1965/12/26,既婚,A型,静岡県,080-6827-2883,ドコモ
前島 一樹,まえじま かずき,maejima_kazuki@example.com,男,23,2003/7/19,既婚,O型,兵庫県,090-3820-7812,ソフトバンク
柳田 獅童,やなぎだ しどう,yanagida_shidou@example.com,男,50,1976/1/19,既婚,A型,茨城県,090-4552- 757,ドコモ
松沢 光臣,まつざわ みつおみ,matsuzawa_mitsuomi@example.com,男,53,1972/9/28,既婚,O型,福岡県,080- 946-2139,au
松尾 フミヤ,まつお ふみや,matsuo_fumiya@example.com,男,80,1946/6/12,既婚,A型,奈良県,080-8936- 230,ドコモ
ト字 友也,とじ ともや,toji_tomoya@example.com,男,73,1953/6/15,既婚,A型,東京都,090-7573- 872,ドコモ
岩瀬 薫,いわせ かおる,iwase_kaoru@example.com,男,47,1979/8/12,未婚,B型,東京都,090-5247-8809,ドコモ
茂木 雅彦,もぎ まさひこ,mogi_masahiko@example.com,男,41,1985/1/4,既婚,B型,岐阜県,090-1273-1691,ドコモ
三木 里奈,みき りな,miki_rina@example.com,女,48,1978/3/24,既婚,O型,神奈川県,090-6459-5160,au
宮田 知世,みやた ちせ,miyata_chise@example.com,女,25,2001/6/4,未婚,B型,福岡県,080-1113-9833,ドコモ
中西 隆太,なかにし りゅうた,nakanishi_ryuuta@example.com,男,80,1946/5/17,既婚,A型,東京都,080-9897-1419,ドコモ
小椋 大五郎,おぐら だいごろう,ogura_daigorou@example.com,男,33,1993/4/8,既婚,A型,岩手県,080-8134-3765,ドコモ
榊原 耕司,さかきばら こうじ,sakakibara_kouji@example.com,男,66,1960/7/29,既婚,O型,静岡県,090-6061-1451,au
高柳 俊二,たかやなぎ しゅんじ,takayanagi_shunji@example.com,男,78,1948/3/4,既婚,O型,滋賀県,090-5311-5969,au
彼方 慶太,かなた けいた,kanata_keita@example.com,男,71,1954/11/18,既婚,A型,神奈川県,090-3833-4807,au
牧田 七世,まきた ななせ,makita_nanase@example.com,女,54,1972/5/29,既婚,AB型,滋賀県,090-1786- 476,ソフトバンク
田村 恵望子,たむら えみこ,tamura_emiko@example.com,女,48,1978/2/22,既婚,A型,愛知県,090-5816-1099,ドコモ
柳田 憲一,やなぎだ けんいち,yanagida_kenichi@example.com,男,38,1988/4/28,既婚,B型,神奈川県,080-3670-2375,au
金沢 薫,かねざわ かおる,kanezawa_kaoru@example.com,男,69,1956/12/5,既婚,B型,大阪府,090-5527-4188,au
渡部 由樹,わたべ ゆき,watabe_yuki@example.com,女,37,1989/5/9,既婚,A型,宮崎県,080-4688-2764,ドコモ
沖田 公顕,おきた きみあき,okita_kimiaki@example.com,男,39,1986/11/7,未婚,B型,滋賀県,090-4585-9895,ドコモ
永山 有起哉,ながやま ゆきや,nagayama_yukiya@example.com,男,48,1978/2/7,既婚,AB型,広島県,090-4278-5547,ソフトバンク
土井 はじめ,どい はじめ,doi_hajime@example.com,男,77,1949/1/25,既婚,O型,熊本県,080-2891-5008,ドコモ
谷 はじめ,たに はじめ,tani_hajime@example.com,男,51,1975/4/30,既婚,O型,神奈川県,080-8628- 120,ドコモ
金森 洋介,かなもり ようすけ,kanamori_yousuke@example.com,男,65,1961/3/28,既婚,AB型,千葉県,090-8074-9064,ソフトバンク
田口 豊,たぐち ゆたか,taguchi_yutaka@example.com,男,30,1995/11/25,未婚,O型,千葉県,080-1355-6290,au
安座間 りえ,あざま りえ,azama_rie@example.com,女,68,1957/9/21,既婚,B型,東京都,080-2239-3797,ドコモ
坂元 景子,さかもと けいこ,sakamoto_keiko@example.com,女,45,1981/7/19,既婚,A型,愛知県,090-5251-4779,ドコモ
野原 宏,のはら ひろし,nohara_hiroshi@example.com,男,51,1974/11/10,既婚,O型,広島県,090-4171-8231,ドコモ
瀬戸 賢治,せと けんじ,seto_kenji@example.com,男,54,1972/1/7,既婚,AB型,大阪府,080-4642-8356,ドコモ
岡本 研二,おかもと けんじ,okamoto_kenji@example.com,男,61,1964/12/28,既婚,A型,徳島県,090-3794- 194,ドコモ
三好 麻由子,みよし まゆこ,miyoshi_mayuko@example.com,女,65,1961/3/8,既婚,O型,埼玉県,090-9489-5019,au
相川 さやか,あいかわ さやか,aikawa_sayaka@example.com,女,24,2002/5/19,既婚,O型,福井県,080-2708-7491,ソフトバンク
高見 みゆき,たかみ みゆき,takami_miyuki@example.com,女,58,1968/3/9,既婚,O型,埼玉県,080-7364-5700,au
水崎 真吾,みさき しんご,misaki_shingo@example.com,男,62,1964/7/25,既婚,O型,三重県,090-  97-4134,ドコモ
野上 杏,のがみ あん,nogami_ann@example.com,女,33,1992/11/9,既婚,B型,千葉県,080-7876-4736,ドコモ
大畑 利夫,おおはた としお,oohata_toshio@example.com,男,21,2005/6/10,未婚,B型,広島県,080-7240-8863,ソフトバンク
小沼 理紗,こぬま りさ,konuma_risa@example.com,女,23,2002/8/22,既婚,A型,兵庫県,090-6021-1775,ドコモ
福地 咲,ふくち さき,fukuchi_saki@example.com,女,75,1951/5/5,既婚,A型,福岡県,090-6188-4754,ドコモ
根岸 新太,ねぎし あらた,negishi_arata@example.com,男,29,1997/1/19,既婚,A型,新潟県,090-6240-8920,ドコモ
城咲 輝信,しろさき あきのぶ,shirosaki_akinobu@example.com,男,61,1965/6/30,既婚,AB型,宮城県,080-8972-9888,ドコモ
大城 正義,おおしろ まさよし,ooshiro_masayoshi@example.com,男,79,1946/10/16,既婚,AB型,東京都,080-7735-6731,ドコモ
小関 遥,こぜき はるか,kozeki_haruka@example.com,女,23,2003/8/15,未婚,A型,宮城県,080-2936-   9,ソフトバンク
大和田 完爾,おおわだ かんじ,oowada_kanji@example.com,男,53,1973/2/27,既婚,A型,千葉県,080-3778-7191,ドコモ
柏木 大樹,かしわぎ ひろき,kashiwagi_hiroki@example.com,男,72,1954/2/18,既婚,A型,奈良県,080-5448-4654,ドコモ
水島 真一,みずしま しんいち,mizushima_shinichi@example.com,男,34,1991/11/6,既婚,A型,富山県,090-3412- 955,ドコモ
武井 薫,たけい かおる,takei_kaoru@example.com,女,62,1963/12/30,既婚,A型,神奈川県,080-7363-8549,ソフトバンク
徳田 美佳,とくた みか,tokuta_mika@example.com,女,75,1951/1/22,既婚,B型,山口県,080-2981-  53,ドコモ
小平 れいな,こひら れいな,kohira_reina@example.com,女,24,2001/8/24,未婚,O型,福岡県,080-9115-  26,ドコモ
高山 麻緒,たかやま まお,takayama_mao@example.com,女,29,1996/12/6,既婚,A型,岡山県,090-7449-5815,ドコモ
山崎 佳乃,やまざき よしの,yamazaki_yoshino@example.com,女,42,1984/4/22,既婚,A型,沖縄県,090-6353-7865,ドコモ
二宮 浩正,にのみや ひろまさ,ninomiya_hiromasa@example.com,男,39,1987/6/8,既婚,A型,和歌山県,080-7432-4992,ドコモ
片瀬 竜也,かたせ たつや,katase_tatsuya@example.com,男,74,1951/10/16,既婚,A型,宮城県,080-3386-7337,ソフトバンク
平井 あき,ひらい あき,hirai_aki@example.com,女,69,1957/6/13,既婚,A型,東京都,080-7226-5035,ドコモ
小町 恵望子,こまち えみこ,komachi_emiko@example.com,女,63,1963/4/27,既婚,O型,沖縄県,090-2602-5225,ドコモ
岡村 那奈,おかむら なな,okamura_nana@example.com,女,54,1972/4/7,既婚,A型,東京都,090-1942-2087,ドコモ
大谷 浩正,おおたに ひろまさ,ootani_hiromasa@example.com,男,40,1986/1/22,既婚,B型,神奈川県,090-6314-2335,ドコモ
川瀬 恵梨香,かわせ えりか,kawase_erika@example.com,女,54,1971/11/12,既婚,A型,長野県,080-8143-2573,au
伊崎 満,いさき みつる,isaki_mitsuru@example.com,男,24,2001/12/7,既婚,O型,東京都,080-4170- 439,ドコモ
田端 寛治,たばた かんじ,tabata_kanji@example.com,男,45,1981/3/3,既婚,A型,福島県,090-2031-1270,ドコモ
戎 寛,えびす ひろし,ebisu_hiroshi@example.com,男,37,1988/11/19,既婚,A型,神奈川県,080-4500-8637,au
脇田 花,わきた はな,wakita_hana@example.com,女,24,2002/2/4,未婚,O型,岡山県,090-2418-5428,ドコモ
芹沢 将也,せりざわ まさや,serizawa_masaya@example.com,男,38,1988/1/31,既婚,A型,京都府,090-1514-1962,ドコモ
細山 健,ほそやま けん,hosoyama_ken@example.com,男,30,1996/7/5,既婚,O型,北海道,090-2241-5895,ドコモ
星 涼,ほし りょう,hoshi_ryou@example.com,女,44,1982/7/30,既婚,O型,京都府,090-2341-2487,ドコモ
小栗 丈史,おぐり たけし,oguri_takeshi@example.com,男,30,1996/2/27,既婚,O型,東京都,090-2418-2253,ソフトバンク
桜田 雅之,さくらだ まさゆき,sakurada_masayuki@example.com,男,79,1946/9/16,既婚,B型,栃木県,090-8368- 363,ドコモ
坂下 ノブヒコ,さかした のぶひこ,sakashita_nobuhiko@example.com,男,34,1992/7/7,既婚,A型,東京都,090-5283-9745,ソフトバンク
大塚 一輝,おおつか かずき,ootsuka_kazuki@example.com,男,21,2004/12/22,未婚,A型,山形県,080-4251-9070,ドコモ
戸田 真吾,とだ しんご,toda_shingo@example.com,男,35,1990/10/24,未婚,O型,奈良県,080-1729-1178,au
塚本 俊二,つかもと しゅんじ,tsukamoto_shunji@example.com,男,61,1965/5/19,既婚,O型,愛知県,080-5328-5683,ソフトバンク
安達 洋,あだち よう,adachi_you@example.com,男,49,1976/10/3,未婚,B型,福岡県,080-6485-7152,ドコモ
池畑 那奈,いけはた なな,ikehata_nana@example.com,女,78,1948/1/10,既婚,B型,兵庫県,080-9956-3175,au
島袋 満,しまぶくろ みつる,shimabukuro_mitsuru@example.com,男,35,1991/4/30,既婚,B型,神奈川県,080-9751-2752,ドコモ
岡 京子,おか きょうこ,oka_kyouko@example.com,女,58,1968/7/1,既婚,A型,東京都,090-7514-7712,ドコモ
生瀬 人志,なませ ひとし,namase_hitoshi@example.com,男,30,1995/9/20,既婚,A型,新潟県,090- 572-8353,ドコモ
野上 礼子,のがみ れいこ,nogami_reiko@example.com,女,47,1978/11/9,既婚,AB型,長野県,090-5492-9455,ソフトバンク
須賀 あさみ,すが あさみ,suga_asami@example.com,女,27,1999/8/14,既婚,A型,栃木県,080-8016-6384,ドコモ
織田 了,おだ りょう,oda_ryou@example.com,男,58,1968/2/18,既婚,A型,愛知県,090- 181- 694,ドコモ
佐々木 獅童,ささき しどう,sasaki_shidou@example.com,男,31,1995/6/5,既婚,O型,福島県,090- 228-4748,au
根岸 敏和,ねぎし としかず,negishi_toshikazu@example.com,男,31,1995/1/4,既婚,B型,埼玉県,080-5020-  92,au
関根 景子,せきね けいこ,sekine_keiko@example.com,女,43,1983/5/8,既婚,A型,千葉県,080-9008-1200,ドコモ
高村 陽介,たかむら ようすけ,takamura_yousuke@example.com,男,74,1951/12/2,既婚,A型,山梨県,080-8643-6499,au
門田 翔太,かどた しょうた,kadota_shouta@example.com,男,63,1963/3/25,既婚,AB型,山形県,090-8465-1196,ドコモ
岩淵 しほり,いわぶち しほり,iwabuchi_shihori@example.com,女,62,1963/11/22,既婚,AB型,三重県,090-1071- 106,ドコモ
竹下 右京,たけした うきょう,takeshita_ukyou@example.com,男,55,1970/10/17,既婚,B型,愛知県,080- 698-4698,ドコモ
金森 友香,かなもり ともか,kanamori_tomoka@example.com,女,53,1973/8/12,既婚,A型,福岡県,090-1369-2778,ドコモ
東 璃奈子,ひがし りなこ,higashi_rinako@example.com,女,40,1986/3/30,既婚,O型,東京都,080-9277-5015,ドコモ
沖田 達士,おきた たつひと,okita_tatsuhito@example.com,男,26,1999/8/24,既婚,AB型,東京都,090-3344-3103,ドコモ
前野 美菜,まえの みな,maeno_mina@example.com,女,23,2003/7/9,既婚,AB型,福島県,080-2559-5116,ドコモ
八木 美紀,やぎ みき,yagi_miki@example.com,女,57,1969/3/11,既婚,O型,福島県,080-7635-5116,ドコモ
平野 丈史,ひらの たけし,hirano_takeshi@example.com,男,61,1965/2/10,既婚,A型,神奈川県,090-3567-3808,au
川瀬 光,かわせ ひかる,kawase_hikaru@example.com,女,37,1988/12/27,既婚,O型,福岡県,080-8668-2731,ドコモ
ト字 未來,とじ みらい,toji_mirai@example.com,男,69,1957/3/20,既婚,A型,静岡県,090-1291-5894,au
都築 信輔,つづき しんすけ,tsuduki_shinsuke@example.com,男,77,1949/7/22,既婚,A型,大阪府,080-3582-4732,ソフトバンク
北野 南朋,きたの なお,kitano_nao@example.com,女,58,1968/1/8,既婚,A型,静岡県,080-9854-6789,ドコモ
柳原 美佐,やなぎはら みさ,yanagihara_misa@example.com,女,75,1950/9/13,既婚,O型,茨城県,080-7256-7609,au
細野 賢治,ほその けんじ,hosono_kenji@example.com,男,49,1977/3/10,既婚,A型,兵庫県,090-6994-3140,ドコモ
森 秀隆,もり ひでたか,mori_hidetaka@example.com,男,46,1980/5/4,既婚,A型,兵庫県,080-3059-5714,ドコモ
平尾 紗季,ひらお さき,hirao_saki@example.com,女,78,1948/2/22,既婚,B型,東京都,090-1736-6744,ドコモ
志村 法嗣,しむら ほうし,shimura_houshi@example.com,男,55,1970/10/21,既婚,A型,静岡県,090-2851-  19,ドコモ
竹原 公顕,たけはら きみあき,takehara_kimiaki@example.com,男,30,1996/5/13,既婚,AB型,広島県,090-3053-9502,ドコモ
大崎 芳正,おおさき よしまさ,oosaki_yoshimasa@example.com,男,30,1996/4/12,既婚,A型,東京都,080-2114-8348,au
恩田 ひろ子,おんだ ひろこ,onnda_hiroko@example.com,女,78,1947/12/20,既婚,O型,秋田県,090-6609-2276,au
上野 真悠子,うえの まゆこ,ueno_mayuko@example.com,女,66,1959/9/5,既婚,B型,大阪府,090-6900-1112,au
芳賀 夏空,はが そら,haga_sora@example.com,女,32,1993/11/9,既婚,AB型,神奈川県,080-5441- 325,ドコモ
北沢 俊二,きたざわ しゅんじ,kitazawa_shunji@example.com,男,63,1963/3/2,既婚,AB型,宮崎県,080-8495-7535,ドコモ
安永 明,やすなが あきら,yasunaga_akira@example.com,男,35,1991/3/5,既婚,A型,大阪府,080-2641-2490,ドコモ
佐藤 沙知絵,さとう さちえ,satou_sachie@example.com,女,41,1985/7/29,既婚,AB型,広島県,080-9361-7926,au
菅 明慶,すが あきよし,suga_akiyoshi@example.com,男,63,1963/5/20,既婚,B型,山口県,090-9727- 518,ドコモ
小谷 晴臣,こたに はるおみ,kotani_haruomi@example.com,男,59,1967/5/22,既婚,AB型,埼玉県,090-  46-7842,au
土田 たまき,つちだ たまき,tsuchida_tamaki@example.com,女,74,1951/12/28,既婚,A型,京都府,090-3476-8752,ドコモ
楠本 昴,くすもと すばる,kusumoto_subaru@example.com,男,61,1965/4/27,既婚,B型,熊本県,090-1261-9970,ドコモ
今 高史,いま たかし,ima_takashi@example.com,男,67,1959/2/14,既婚,O型,愛知県,080-6485-3006,ソフトバンク
増井 育子,ますい いくこ,masui_ikuko@example.com,女,61,1965/7/9,既婚,O型,静岡県,090-8334-9190,au
乾 美佐子,いぬい みさこ,inui_misako@example.com,女,53,1973/3/26,既婚,B型,佐賀県,080-2679- 691,ソフトバンク
多部 隼士,たべ しゅんじ,tabe_shunji@example.com,男,31,1995/2/27,既婚,O型,愛知県,080-6628-5655,ソフトバンク
城咲 豊,しろさき ゆたか,shirosaki_yutaka@example.com,男,50,1975/10/18,既婚,B型,東京都,090-8386-2181,au
門脇 貴嶺,かどわき たかね,kadowaki_takane@example.com,男,46,1980/7/6,既婚,A型,東京都,080-6412-9725,ドコモ
矢作 路子,やはぎ みちこ,yahagi_michiko@example.com,女,40,1986/6/13,既婚,O型,埼玉県,080-2395-6071,au
五十嵐 法子,いがらし のりこ,igarashi_noriko@example.com,女,71,1955/1/9,既婚,O型,愛知県,080-3912-1351,ソフトバンク
芳賀 広司,はが こうじ,haga_kouji@example.com,男,28,1998/1/8,未婚,A型,兵庫県,080-4688-8242,ドコモ
黒谷 昌代,くろたに まさよ,kurotani_masayo@example.com,女,50,1976/5/25,既婚,A型,千葉県,090-2052-4874,ソフトバンク
川原 たまき,かわはら たまき,kawahara_tamaki@example.com,女,49,1976/11/6,既婚,A型,埼玉県,090-3237-6701,ドコモ
内野 美月,うちの みづき,uchino_miduki@example.com,女,34,1991/9/19,既婚,A型,北海道,090-9506-8330,au
奥村 一,おくむら はじめ,okumura_hajime@example.com,男,46,1980/4/24,未婚,O型,千葉県,090-1379- 824,ドコモ
春日 信輔,かすが しんすけ,kasuga_shinsuke@example.com,男,34,1992/8/10,既婚,B型,北海道,080- 336-4122,ドコモ
大槻 哲平,おおつき てっぺい,ootsuki_teppei@example.com,男,25,2000/12/10,既婚,A型,岡山県,080-4871-5009,ドコモ
古田 友香,ふるた ともか,furuta_tomoka@example.com,女,77,1948/9/16,既婚,AB型,宮崎県,090-8494-5383,ドコモ
梅本 友香,うめもと ともか,umemoto_tomoka@example.com,女,39,1987/3/10,既婚,B型,宮城県,080-7714-2820,ドコモ
松沢 はじめ,まつざわ はじめ,matsuzawa_hajime@example.com,男,63,1963/4/20,既婚,A型,広島県,080-1965-9535,ソフトバンク
白石 徹,しらいし とおる,shiraishi_tooru@example.com,男,45,1981/2/13,既婚,A型,神奈川県,090-9311-8454,au
堤 さやか,つつみ さやか,tsutsumi_sayaka@example.com,女,49,1977/8/13,既婚,O型,千葉県,090- 238-7371,ソフトバンク
下川 惇,しもかわ じゅん,shimokawa_jun@example.com,男,25,2001/4/10,未婚,A型,群馬県,080-2381-7787,ドコモ
奥田 和香,おくだ わか,okuda_waka@example.com,女,54,1972/4/15,既婚,A型,北海道,090-6149-2536,au
清野 メイサ,きよの めいさ,kiyono_meisa@example.com,女,64,1962/7/15,既婚,AB型,北海道,090-1398-1407,au
須藤 敏和,すどう としかず,sudou_toshikazu@example.com,男,80,1946/7/30,既婚,A型,福井県,080-8919-2495,ソフトバンク
福山 恭子,ふくやま きょうこ,fukuyama_kyouko@example.com,女,55,1971/6/2,既婚,O型,長崎県,080-5052-6836,au
瀬川 ひとみ,せがわ ひとみ,segawa_hitomi@example.com,女,57,1969/6/11,既婚,A型,東京都,090-9458-7984,au
河本 優一,こうもと ゆういち,koumoto_yuuichi@example.com,男,48,1978/1/14,既婚,B型,愛知県,080-3473-6651,au
風間 雅功,かざま まさとし,kazama_masatoshi@example.com,男,50,1975/12/23,既婚,O型,茨城県,090-1653-3553,ドコモ
青山 文世,あおやま ふみよ,aoyama_fumiyo@example.com,女,68,1958/3/2,既婚,O型,福岡県,080-1541-3411,ドコモ
北野 はるか,きたの はるか,kitano_haruka@example.com,女,61,1964/9/25,既婚,O型,東京都,080-4481-7054,au
ほしの 勇介,ほしの ゆうすけ,hoshino_yuusuke@example.com,男,36,1990/1/14,既婚,A型,神奈川県,090-3722-1158,ドコモ
島田 聖陽,しまだ まさあき,shimada_masaaki@example.com,男,36,1990/5/6,既婚,B型,三重県,080-9300- 955,ドコモ
横井 春樹,よこい はるき,yokoi_haruki@example.com,女,25,2001/1/29,既婚,A型,福岡県,090-3339-6844,ドコモ
三橋 晋也,みはし しんや,mihashi_shinya@example.com,男,76,1950/3/19,既婚,A型,神奈川県,080-4687-2954,ドコモ
福沢 浩介,ふくざわ こうすけ,fukuzawa_kousuke@example.com,男,30,1996/7/11,既婚,AB型,東京都,080- 191-3275,ドコモ
松井 公顕,まつい きみあき,matsui_kimiaki@example.com,男,71,1955/5/20,既婚,A型,群馬県,080-7578-7774,au
神原 六郎,かんばら ろくろう,kannbara_rokurou@example.com,男,76,1949/10/20,既婚,B型,神奈川県,090-4735-8096,ドコモ
松尾 拓郎,まつお たくろう,matsuo_takurou@example.com,男,48,1978/8/16,既婚,B型,東京都,080-4327-6005,au
島 博明,しま ひろあき,shima_hiroaki@example.com,男,25,2000/9/9,未婚,O型,埼玉県,080-4965- 993,ツーカー
鹿手袋 ジョージ,しかてぶくろ じょーじ,shikatebukuro_george@example.com,男,53,1973/5/8,既婚,A型,東京都,080-8606-9607,ソフトバンク
藤井 真奈美,ふじい まなみ,fujii_manami@example.com,女,75,1950/11/12,既婚,O型,神奈川県,090-3294-3574,ドコモ
西村 優,にしむら ゆう,nishimura_yuu@example.com,女,42,1984/6/20,既婚,O型,長野県,090-4766-7097,ドコモ
照井 妃里,てるい ゆり,terui_yuri@example.com,女,31,1994/9/23,既婚,A型,秋田県,080-5500-3416,ドコモ
大江 和香,おおえ わか,ooe_waka@example.com,女,60,1966/4/29,未婚,O型,福島県,080-5486-4511,ドコモ
鳥居 一輝,とりい かずき,torii_kazuki@example.com,男,39,1987/7/25,既婚,A型,滋賀県,090-1917-5429,ドコモ
古田 砂羽,ふるた さわ,furuta_sawa@example.com,女,22,2003/8/27,未婚,A型,愛知県,090-1097-1055,ドコモ
浜本 はじめ,はまもと はじめ,hamamoto_hajime@example.com,男,72,1953/12/2,既婚,A型,岐阜県,090-2598- 104,ドコモ
川田 さんま,かわた さんま,kawata_sanma@example.com,男,52,1974/2/11,既婚,A型,岡山県,080-5047- 799,ドコモ
深田 薫,ふかだ かおる,fukada_kaoru@example.com,男,51,1975/6/17,既婚,A型,東京都,090-3236-9225,au
井沢 美菜,いざわ みな,izawa_mina@example.com,女,61,1965/2/14,既婚,O型,宮崎県,090-5420-3933,ドコモ
松居 しぼり,まつい しぼり,matsui_shibori@example.com,女,55,1971/1/10,既婚,O型,秋田県,080-7027-5427,ドコモ
野島 さやか,のじま さやか,nojima_sayaka@example.com,女,33,1992/9/29,既婚,O型,岐阜県,090-6367-2966,ドコモ
矢沢 竜也,やざわ たつや,yazawa_tatsuya@example.com,男,78,1948/4/24,既婚,AB型,宮崎県,080-9575-2387,au
高畑 優,たかばた ゆう,takabata_yuu@example.com,女,49,1977/1/20,既婚,A型,神奈川県,090-5634- 757,ソフトバンク
橋本 明慶,はしもと あきよし,hashimoto_akiyoshi@example.com,男,53,1973/7/10,既婚,B型,大分県,080-9262-7576,ドコモ
相馬 公顕,あいば きみあき,aiba_kimiaki@example.com,男,63,1962/10/31,既婚,A型,兵庫県,090-5185-8507,ドコモ
小堀 めぐみ,こほり めぐみ,kohori_megumi@example.com,女,67,1959/7/9,既婚,A型,広島県,090-4227-9320,ドコモ
森脇 さやか,もりわき さやか,moriwaki_sayaka@example.com,女,47,1979/7/9,既婚,B型,東京都,090-1126-2745,ドコモ
滝本 まみ,たきもと まみ,takimoto_mami@example.com,女,28,1998/4/25,既婚,AB型,奈良県,080-9360-4393,ドコモ
石塚 麻緒,いしづか まお,ishiduka_mao@example.com,女,50,1976/4/25,既婚,AB型,佐賀県,090-6828- 921,ソフトバンク
峰 ケンイチ,みね けんいち,mine_kenichi@example.com,男,72,1954/5/9,既婚,AB型,富山県,090-2288-1602,ドコモ
宮崎 由美子,みやざき ゆみこ,miyazaki_yumiko@example.com,女,32,1993/9/19,既婚,A型,富山県,090-9216-5534,ソフトバンク
久米 亮,くめ りょう,kume_ryou@example.com,男,46,1979/11/15,既婚,A型,東京都,080-6442- 646,ドコモ
桜井 賢二,さくらい けんじ,sakurai_kenji@example.com,男,32,1994/4/10,既婚,A型,福岡県,080-2767-6656,ドコモ
満島 一,みつしま はじめ,mitsushima_hajime@example.com,男,33,1993/7/19,未婚,B型,北海道,090-1792-4141,ドコモ
杉原 そら,すぎはら そら,sugihara_sora@example.com,女,37,1989/2/19,既婚,O型,埼玉県,080-8721-2413,ドコモ
加瀬 進,かせ すすむ,kase_susumu@example.com,男,42,1983/12/30,既婚,A型,岐阜県,080-9782-3924,ドコモ
瀬戸 直人,せと なおと,seto_naoto@example.com,男,58,1967/11/14,既婚,O型,大阪府,080-8415-6278,ドコモ
近藤 聡,こんどう さとし,kondou_satoshi@example.com,男,79,1947/1/25,既婚,O型,広島県,080-8381- 708,ドコモ
村上 菜々美,むらかみ ななみ,murakami_nanami@example.com,女,43,1983/4/28,既婚,B型,北海道,090-9526-9120,ドコモ
本上 璃奈子,ほんじょう りなこ,honjo_rinako@example.com,女,40,1986/8/4,既婚,B型,東京都,080-5999-8777,au
日比野 獅童,ひびの しどう,hibino_shidou@example.com,男,28,1998/8/13,既婚,AB型,福岡県,090-2291-2635,ドコモ
菊地 小雁,きくち こがん,kikuchi_kogan@example.com,男,21,2005/2/8,既婚,O型,群馬県,090-9262-4728,au
及川 光良,おいかわ てるよし,oikawa_teruyoshi@example.com,男,79,1947/1/19,既婚,A型,北海道,090-9491-9197,ドコモ
庄司 春樹,しょうじ はるき,shouji_haruki@example.com,女,39,1987/3/20,既婚,A型,奈良県,080-9341-1265,ドコモ
江川 サンタマリア,えがわ さんたまりあ,egawa_stmaria@example.com,男,56,1970/7/3,既婚,O型,大阪府,080-9164-1292,ドコモ
高橋 薫,たかはし かおる,takahashi_kaoru@example.com,女,56,1970/8/12,既婚,AB型,静岡県,080-4686-3747,ソフトバンク
新井 優,あらい ゆう,arai_yuu@example.com,女,25,2001/1/22,未婚,A型,北海道,080-2609-1439,au
坂井 ひとみ,さかい ひとみ,sakai_hitomi@example.com,女,60,1966/3/27,既婚,B型,愛知県,090-4545-8558,ドコモ
安藤 広之,あんどう ひろゆき,ando_hiroyuki@example.com,男,21,2004/9/16,未婚,B型,福岡県,080-2293-1006,au
久野 理紗,ひさの りさ,hisano_risa@example.com,女,23,2002/12/3,未婚,A型,埼玉県,080-7701-8450,ソフトバンク
水島 愛,みずしま あい,mizushima_ai@example.com,女,80,1945/9/29,既婚,B型,福岡県,090-4737-3467,ドコモ
芳賀 正敏,はが まさとし,haga_masatoshi@example.com,男,37,1988/11/8,既婚,B型,愛知県,090-4284- 731,ドコモ
佐久間 仁,さくま じん,sakuma_jin@example.com,男,62,1963/11/16,既婚,A型,新潟県,090-2382-4513,ドコモ
梶原 美咲,かじわら みさき,kajiwara_misaki@example.com,女,56,1970/4/10,既婚,O型,滋賀県,090-5404-9652,ドコモ
浅田 大樹,あさだ ひろき,asada_hiroki@example.com,男,51,1975/5/11,既婚,O型,三重県,090-5798-7930,ソフトバンク
岩城 たまき,いわき たまき,iwaki_tamaki@example.com,女,72,1954/6/6,既婚,A型,岡山県,080-5673-4420,au
春日 奈央,かすが なお,kasuga_nao@example.com,女,57,1969/4/3,既婚,A型,兵庫県,090-3366-2414,ドコモ
大貫 精児,おおぬき せいじ,oonuki_seiji@example.com,男,68,1958/4/30,既婚,O型,千葉県,080-7451-9144,ソフトバンク
風間 まなみ,かざま まなみ,kazama_manami@example.com,女,67,1958/9/7,既婚,AB型,静岡県,090-9813- 377,au
篠原 晴臣,しのはら はるおみ,shinohara_haruomi@example.com,男,38,1987/9/22,既婚,O型,東京都,090-2837- 458,ソフトバンク
高岡 一代,たかおか かずよ,takaoka_kazuyo@example.com,女,31,1995/2/22,既婚,A型,滋賀県,080-7648-5409,au
青木 優,あおき ゆう,aoki_yuu@example.com,女,31,1994/11/26,既婚,B型,山口県,090-  63-2798,au
松村 晴臣,まつむら はるおみ,matsumura_haruomi@example.com,男,71,1955/3/14,既婚,O型,大阪府,080-6618- 317,ドコモ
塩沢 貴美子,しおざわ きみこ,shiozawa_kimiko@example.com,女,52,1974/1/20,既婚,B型,福岡県,090-5037- 174,ドコモ
日野 人志,ひの ひとし,hino_hitoshi@example.com,男,69,1957/6/3,既婚,A型,奈良県,080-5899-2683,ドコモ
中川 彩華,なかがわ あやか,nakagawa_ayaka@example.com,女,37,1989/8/4,既婚,O型,神奈川県,080-6261-6831,au
中山 さんま,なかやま さんま,nakayama_sanma@example.com,男,52,1974/3/18,既婚,O型,埼玉県,090-1651-9482,ドコモ
若杉 なぎさ,わかすぎ なぎさ,wakasugi_nagisa@example.com,女,41,1985/7/15,既婚,A型,愛知県,080-2333-7473,au
高村 憲一,たかむら けんいち,takamura_kenichi@example.com,男,63,1963/2/16,既婚,A型,大阪府,080-9045-6690,au
野村 はるか,のむら はるか,nomura_haruka@example.com,女,57,1968/12/24,既婚,A型,神奈川県,080-5586- 625,ドコモ
井本 たまき,いもと たまき,imoto_tamaki@example.com,女,35,1991/6/20,未婚,O型,岩手県,090-2667-3830,ソフトバンク
浅見 優,あさみ ゆう,asami_yuu@example.com,女,22,2003/11/3,未婚,A型,神奈川県,090-3289-6369,ツーカー
寺脇 一哉,てらわき かずや,terawaki_kazuya@example.com,男,22,2004/5/19,既婚,O型,北海道,080-2549-7119,au
吉川 りえ,きっかわ りえ,kikkawa_rie@example.com,女,74,1952/8/1,既婚,O型,新潟県,080-9034-1996,ドコモ
松山 翔太,まつやま しょうた,matsuyama_shouta@example.com,男,71,1955/3/28,既婚,A型,静岡県,080-4748-8301,ドコモ
古谷 六郎,ふるたに ろくろう,furutani_rokurou@example.com,男,61,1965/2/5,既婚,O型,東京都,080-1702-6096,ドコモ
哀川 扶樹,あいかわ もとき,aikawa_motoki@example.com,男,27,1999/2/6,既婚,A型,東京都,080-5618-9329,au
筧 沙知絵,かけい さちえ,kakei_sachie@example.com,女,34,1991/10/14,既婚,A型,東京都,080-7457-3327,ドコモ
竹中 満,たけなか みつる,takenaka_mitsuru@example.com,男,52,1973/11/10,既婚,O型,青森県,080-7477-5860,ドコモ
門田 フミヤ,かどた ふみや,kadota_fumiya@example.com,男,67,1959/1/6,既婚,B型,大阪府,080-1860-8472,ドコモ
大泉 勇,おおいずみ ゆう,ooizumi_yuu@example.com,女,57,1969/4/9,既婚,AB型,広島県,090- 437-4995,au
荒井 雅之,あらい まさゆき,arai_masayuki@example.com,男,29,1997/4/29,既婚,AB型,福岡県,080-4165-9439,au
羽田 詩織,はだ しおり,hada_shiori@example.com,女,60,1966/3/27,既婚,AB型,神奈川県,080- 641-4832,au
木本 優,きもと ゆう,kimoto_yuu@example.com,女,47,1979/3/22,既婚,A型,宮崎県,080-4304-4642,ドコモ
滝 賢治,たき けんじ,taki_kenji@example.com,男,65,1960/10/15,既婚,A型,神奈川県,080-9059-5276,ドコモ
福地 窈,ふくち よう,fukuchi_you@example.com,女,57,1969/3/11,既婚,B型,沖縄県,090-4983- 619,ドコモ
島袋 希,しまぶくろ のぞみ,shimabukuro_nozomi@example.com,女,68,1957/10/27,既婚,B型,熊本県,080-7342-1074,ドコモ
藤本 隼士,ふじもと しゅんじ,fujimoto_shunji@example.com,男,75,1951/6/2,既婚,A型,千葉県,080-6601- 863,ドコモ
戸塚 幸子,とづか さちこ,toduka_sachiko@example.com,女,61,1965/1/29,既婚,B型,長野県,090-8066-9243,au
中里 瞳,なかざと ひとみ,nakazato_hitomi@example.com,女,46,1979/11/25,未婚,O型,滋賀県,080-1484-6697,au
徳永 瞬,とくなが しゅん,tokunaga_shun@example.com,女,31,1995/1/6,既婚,A型,埼玉県,080-5855-3998,ソフトバンク
松野 菜々美,まつの ななみ,matsuno_nanami@example.com,女,65,1960/12/3,既婚,O型,北海道,090-6114-5466,au
田村 晃司,たむら こうじ,tamura_kouji@example.com,男,34,1992/1/11,既婚,O型,埼玉県,090-3613-2868,ドコモ
島田 龍吉,しまだ りゅうきち,shimada_ryuukichi@example.com,男,80,1946/7/24,既婚,B型,茨城県,080-5667- 565,ソフトバンク
澤田 玲那,さわだ れな,sawada_rena@example.com,女,76,1950/1/24,既婚,A型,静岡県,080-4137-7961,ソフトバンク
松岡 知世,まつおか ちせ,matsuoka_chise@example.com,女,63,1963/8/3,既婚,B型,神奈川県,080-4262-1659,ドコモ
大森 涼,おおもり りょう,oomori_ryou@example.com,女,23,2002/12/17,未婚,B型,千葉県,080-1976-6333,au
石田 敏和,いしだ としかず,ishida_toshikazu@example.com,男,59,1967/3/18,既婚,O型,岡山県,090-6800-2041,ドコモ
森 一恵,もり かづえ,mori_kadue@example.com,女,27,1998/11/3,既婚,A型,秋田県,090-3325-3057,ドコモ
村井 メイサ,むらい めいさ,murai_meisa@example.com,女,80,1946/4/19,既婚,O型,神奈川県,080-4262-3308,ドコモ
滝本 涼,たきもと りょう,takimoto_ryou@example.com,女,21,2005/8/14,未婚,A型,愛知県,090-3221-9934,ドコモ
荒川 優,あらかわ ゆう,arakawa_yuu@example.com,女,64,1962/4/7,既婚,O型,福岡県,080-3679-5484,ドコモ
村井 花,むらい はな,murai_hana@example.com,女,20,2006/2/16,未婚,A型,北海道,080-9101-1833,au
水田 俊二,みずた しゅんじ,mizuta_shunji@example.com,男,49,1977/5/15,既婚,A型,京都府,090-6841-3348,au
稲垣 直人,いながき なおと,inagaki_naoto@example.com,男,61,1965/6/25,既婚,A型,岡山県,080-8115-1356,ソフトバンク
村上 裕次郎,むらかみ ゆうじろう,murakami_yuujirou@example.com,男,65,1961/2/17,既婚,O型,福岡県,080-8049-7036,ドコモ
天野 将也,あまの まさや,amano_masaya@example.com,男,68,1958/4/19,既婚,A型,宮崎県,080-2299- 940,ドコモ
村井 晋也,むらい しんや,murai_shinya@example.com,男,43,1982/9/13,既婚,A型,青森県,090- 924-6974,ドコモ
船橋 那奈,ふなばし なな,funabashi_nana@example.com,女,76,1949/10/27,既婚,B型,福岡県,090- 882-9594,ドコモ
寺島 高史,てらじま たかし,terajima_takashi@example.com,男,33,1993/4/20,既婚,B型,香川県,080-7422-9922,ドコモ
稲葉 勇一,いなば ゆういち,inaba_yuuichi@example.com,男,54,1972/6/20,既婚,B型,広島県,080-2601-9266,ドコモ
広田 遥,ひろた はるか,hirota_haruka@example.com,女,24,2002/6/18,既婚,A型,大阪府,080-8768-4254,ドコモ
井手 菜摘,いで なつみ,ide_natsumi@example.com,女,79,1947/4/15,既婚,A型,神奈川県,090-2943-3291,ドコモ
馬場 美月,ばば みづき,baba_miduki@example.com,女,45,1981/6/24,既婚,A型,東京都,080-8038-8674,ソフトバンク
小林 綾,こばやし あや,kobayashi_aya@example.com,女,63,1963/7/8,既婚,O型,静岡県,080-1713-6545,au
村瀬 愛子,むらせ あいこ,murase_aiko@example.com,女,25,2001/8/6,未婚,B型,兵庫県,090-7562-9327,au
高山 佳乃,たかやま よしの,takayama_yoshino@example.com,女,63,1963/1/19,既婚,O型,長野県,090-5238-3759,au
奥山 たかお,おくやま たかお,okuyama_takao@example.com,男,61,1965/7/17,既婚,B型,茨城県,090-1211-5698,ドコモ
馬場 誠一,ばば せいいち,baba_seiichi@example.com,男,63,1963/8/17,既婚,O型,千葉県,080-4872-8992,ドコモ
有馬 那奈,ありま なな,arima_nana@example.com,女,71,1955/7/8,既婚,AB型,北海道,090-1952-5812,ソフトバンク
末永 陽介,すえなが ようすけ,suenaga_yousuke@example.com,男,67,1958/9/3,既婚,B型,静岡県,080-9259-5477,au
中根 まさし,なかね まさし,nakane_masashi@example.com,男,44,1982/5/26,未婚,A型,和歌山県,080-8799-6078,au
塩田 恵麻,しおた えま,shiota_ema@example.com,女,76,1950/2/21,既婚,B型,和歌山県,080-2049- 971,ドコモ
小関 勤,こぜき つとむ,kozeki_tsutomu@example.com,男,34,1991/9/18,既婚,A型,静岡県,090-4519- 603,ドコモ
高島 ヒカル,たかしま ひかる,takashima_hikaru@example.com,女,69,1957/4/5,既婚,O型,千葉県,080-9400-9316,ドコモ
羽田 夏希,はだ なつき,hada_natsuki@example.com,女,48,1978/1/31,既婚,A型,静岡県,080-6047-9013,au
西口 隼士,にしぐち しゅんじ,nishiguchi_shunji@example.com,男,27,1998/12/10,未婚,B型,神奈川県,080-2737-4227,ドコモ
黒川 広司,くろかわ こうじ,kurokawa_kouji@example.com,男,40,1986/3/6,既婚,A型,愛媛県,090-3671- 672,ドコモ
三上 研二,みかみ けんじ,mikami_kenji@example.com,男,33,1993/8/16,既婚,A型,静岡県,090-1758-6277,ソフトバンク
矢口 知世,やぐち ちせ,yaguchi_chise@example.com,女,25,2001/7/28,未婚,A型,京都府,090-2535-6780,ソフトバンク
有馬 浩正,ありま ひろまさ,arima_hiromasa@example.com,男,67,1958/8/22,既婚,A型,福岡県,080- 661-8702,au
立花 康文,たちばな やすふみ,tachibana_yasufumi@example.com,男,66,1959/11/15,既婚,O型,福島県,090- 962-  49,ドコモ
本多 博之,ほんだ ひろゆき,honnda_hiroyuki@example.com,男,67,1959/6/18,既婚,B型,岩手県,080-6984-2019,ドコモ
高井 小百合,たかい さゆり,takai_sayuri@example.com,女,32,1994/3/21,既婚,A型,大阪府,090-4489-4639,ソフトバンク
北原 なぎさ,きたはら なぎさ,kitahara_nagisa@example.com,女,23,2003/4/14,未婚,A型,山口県,080-7301-1457,ドコモ
和泉 サダヲ,わいずみ さだお,waizumi_sadawo@example.com,男,46,1980/8/12,既婚,B型,埼玉県,090-2320-6618,au
高嶋 大,たかしま まさる,takashima_masaru@example.com,男,34,1991/10/5,既婚,O型,福岡県,080-7313-4936,ソフトバンク
三輪 ひとみ,みわ ひとみ,miwa_hitomi@example.com,女,63,1962/10/19,既婚,AB型,新潟県,090-4174-7559,au
水島 恵麻,みずしま えま,mizushima_ema@example.com,女,56,1970/5/21,既婚,O型,徳島県,090-5585-2733,ドコモ
黒川 直人,くろかわ なおと,kurokawa_naoto@example.com,男,24,2002/2/10,既婚,O型,静岡県,090- 180- 875,au
島崎 はじめ,しまざき はじめ,shimazaki_hajime@example.com,男,79,1946/12/20,既婚,B型,群馬県,080- 384-3071,ドコモ
近藤 大,こんどう まさる,konndou_masaru@example.com,男,50,1976/7/5,既婚,A型,群馬県,090-4637-2173,au
織田 美帆,おだ みほ,oda_miho@example.com,女,79,1947/5/27,既婚,B型,東京都,080-7618- 656,ドコモ
大原 勝久,おおはら かつひさ,oohara_katsuhisa@example.com,男,28,1998/1/25,既婚,O型,愛知県,090-6009-1308,ソフトバンク
片平 洋介,かたひら ようすけ,katahira_yousuke@example.com,男,71,1954/9/5,既婚,O型,熊本県,080-4978-7635,ドコモ
渡部 未來,わたべ みらい,watabe_mirai@example.com,男,68,1958/6/17,既婚,B型,東京都,090- 523-4861,ドコモ
関 恭子,せき きょうこ,seki_kyouko@example.com,女,64,1962/1/30,既婚,O型,兵庫県,090-2821-8638,ソフトバンク
金児 憲史,かねこ のりひと,kaneko_norihito@example.com,男,48,1978/7/6,未婚,O型,福岡県,090-5228-3532,ドコモ
水崎 七世,みさき ななせ,misaki_nanase@example.com,女,28,1997/10/5,未婚,B型,香川県,080-6268-3398,au
早川 輝信,はやかわ あきのぶ,hayakawa_akinobu@example.com,男,50,1976/6/27,既婚,A型,神奈川県,090-8211-9359,ドコモ
徳田 博之,とくた ひろゆき,tokuta_hiroyuki@example.com,男,40,1986/4/2,既婚,O型,兵庫県,080-5339-1959,au
桑原 慶二,くわばら けいじ,kuwabara_keiji@example.com,男,67,1958/11/10,既婚,A型,大阪府,090-9007-2838,ソフトバンク
岩瀬 礼子,いわせ れいこ,iwase_reiko@example.com,女,32,1994/4/9,既婚,A型,大分県,090- 730-8740,ドコモ
岩永 光,いわなが ひかる,iwanaga_hikaru@example.com,男,38,1988/4/28,未婚,O型,岡山県,080-1022-9783,ドコモ
山元 礼子,やまもと れいこ,yamamoto_reiko@example.com,女,44,1981/12/7,既婚,O型,静岡県,090-2093-2593,ドコモ
本田 達士,ほんだ たつひと,honnda_tatsuhito@example.com,男,50,1976/4/11,既婚,A型,秋田県,090-9934-2307,ソフトバンク
坂下 惇,さかした あつし,sakashita_atsushi@example.com,男,25,2001/7/29,既婚,B型,群馬県,080-3301- 621,ドコモ
奥寺 惇,おくでら あつし,okudera_atsushi@example.com,男,77,1949/6/16,既婚,B型,福島県,090-7727-7485,au
上杉 六郎,うえすぎ ろくろう,uesugi_rokurou@example.com,男,21,2004/12/1,未婚,B型,京都府,090-5336-3775,ドコモ
境 優,さかい ゆう,sakai_yuu@example.com,女,20,2006/5/28,既婚,A型,京都府,080-1049-1121,ツーカー
南 薫,みなみ かおる,minami_kaoru@example.com,女,45,1981/6/12,既婚,O型,埼玉県,080-1927-2250,ドコモ
高嶋 さんま,たかしま さんま,takashima_sanma@example.com,男,73,1953/3/22,既婚,AB型,広島県,090-5104-2623,ドコモ
山田 広司,やまだ こうじ,yamada_kouji@example.com,男,24,2002/2/24,未婚,A型,埼玉県,090-6088-8337,ドコモ
桜田 怜奈,さくらだ れいな,sakurada_reina@example.com,女,76,1950/7/14,既婚,A型,大阪府,090- 241- 242,ソフトバンク
荒木 和久,あらき かずひさ,araki_kazuhisa@example.com,男,30,1996/2/26,未婚,AB型,佐賀県,080-7096-3729,ソフトバンク
田崎 桃子,たざき ももこ,tazaki_momoko@example.com,女,25,2000/12/2,未婚,O型,大阪府,080-7787-3850,au
稲田 まなみ,いなだ まなみ,inada_manami@example.com,女,72,1954/7/28,既婚,AB型,愛媛県,090-7305-7350,au
細川 徹,ほそかわ とおる,hosokawa_tooru@example.com,男,30,1995/9/15,既婚,O型,宮城県,090-4482-5089,ドコモ
柴崎 樹里,しばざき じゅり,shibazaki_juri@example.com,女,25,2000/10/6,既婚,B型,静岡県,090-6495-8437,ドコモ
千田 秀樹,せんだ ひでき,sennda_hideki@example.com,男,77,1949/1/29,既婚,A型,神奈川県,090-1149-2016,ドコモ
瀬尾 将也,せお まさや,seo_masaya@example.com,男,51,1975/4/6,既婚,B型,兵庫県,080-8168-8076,ドコモ
寺井 友以乃,てらい ゆいの,terai_yuino@example.com,女,71,1955/5/29,既婚,A型,埼玉県,080- 917-7370,ドコモ
上田 完爾,うえだ かんじ,ueda_kanji@example.com,男,24,2002/2/25,未婚,O型,三重県,090-7387- 437,ドコモ
坂井 啓介,さかい けいすけ,sakai_keisuke@example.com,男,34,1992/2/4,未婚,A型,静岡県,080-5458-6297,ドコモ
川野 めぐみ,かわの めぐみ,kawano_megumi@example.com,女,68,1958/1/2,既婚,AB型,福島県,080-3337-2769,au
岡崎 俊二,おかざき しゅんじ,okazaki_shunji@example.com,男,41,1984/10/29,既婚,A型,石川県,080-4272- 718,ドコモ
少路 洋,しょうじ よう,shouji_you@example.com,男,59,1967/7/3,既婚,B型,栃木県,080-1844- 675,au
戸塚 知史,とづか ともふみ,toduka_tomofumi@example.com,男,73,1952/11/3,既婚,O型,京都府,090-2049-3621,au
塩田 徹平,しおた てっぺい,shiota_teppei@example.com,男,46,1979/9/14,既婚,O型,岩手県,090-3559-2341,ドコモ
笹川 千佳子,ささがわ ちかこ,sasagawa_chikako@example.com,女,29,1996/10/16,既婚,O型,神奈川県,080-2604-7272,ドコモ
はしの 扶樹,はしの もとき,hashino_motoki@example.com,男,36,1990/3/30,既婚,A型,鹿児島県,090-2436-2244,ドコモ
上原 和之,うえはら かずゆき,uehara_kazuyuki@example.com,男,76,1950/1/30,既婚,A型,高知県,090-4760-4821,au
野沢 由美子,のざわ ゆみこ,nozawa_yumiko@example.com,女,31,1995/2/27,既婚,A型,東京都,080-6476-1412,au
依田 正義,よりた まさよし,yorita_masayoshi@example.com,男,75,1950/11/18,既婚,B型,北海道,090-5856-4865,ドコモ
森島 聡,もりしま さとし,morishima_satoshi@example.com,男,41,1984/9/7,既婚,A型,福岡県,090-8509-7482,ソフトバンク
高木 ヒカル,たかぎ ひかる,takagi_hikaru@example.com,女,69,1956/9/17,既婚,A型,長野県,080-2364-3389,au
釈 一恵,しゃく かづえ,shaku_kadue@example.com,女,74,1952/3/19,既婚,O型,東京都,080-9018-3784,au
佐古 将也,さこ まさや,sako_masaya@example.com,男,40,1986/5/20,既婚,O型,兵庫県,090-4229-6953,ドコモ
杉村 彩,すぎむら あや,sugimura_aya@example.com,女,71,1954/11/20,既婚,A型,神奈川県,090-5658-2192,ソフトバンク
赤木 育子,あかぎ いくこ,akagi_ikuko@example.com,女,73,1953/2/13,既婚,O型,愛知県,080- 251-5244,ドコモ
宮本 佑,みやもと たすく,miyamoto_tasuku@example.com,男,65,1961/4/5,既婚,A型,愛知県,090-5243-9843,ドコモ
劇団 獅童,げきだん しどう,gekidan_shidou@example.com,男,60,1965/12/26,既婚,O型,徳島県,090-5852-9938,ドコモ
川村 れいな,かわむら れいな,kawamura_reina@example.com,女,33,1993/6/16,既婚,A型,北海道,090-3517-4737,ドコモ
寺島 菊生,てらじま きくお,terajima_kikuo@example.com,男,70,1956/4/20,既婚,A型,奈良県,080-2090- 404,ドコモ
松野 隼士,まつの しゅんじ,matsuno_shunji@example.com,男,23,2003/7/23,未婚,B型,北海道,090-5978-9923,ドコモ
高山 しほり,たかやま しほり,takayama_shihori@example.com,女,60,1966/6/15,既婚,AB型,愛知県,080-5754-5043,ドコモ
藤本 公顕,ふじもと きみあき,fujimoto_kimiaki@example.com,男,75,1951/4/15,既婚,A型,宮城県,080-9480- 307,au
進藤 研二,しんどう けんじ,shinndou_kenji@example.com,男,58,1968/6/11,未婚,O型,佐賀県,080-4721-9966,ドコモ
滝沢 花,たきざわ はな,takizawa_hana@example.com,女,54,1971/12/25,既婚,O型,北海道,090-9151- 158,ドコモ
塩田 あさみ,しおた あさみ,shiota_asami@example.com,女,54,1971/9/12,既婚,B型,兵庫県,090- 613-4372,ドコモ
小野寺 健,おのでら けん,onodera_ken@example.com,男,49,1977/6/27,既婚,O型,東京都,090-8480-3105,au
多田 隆,ただ たかし,tada_takashi@example.com,男,62,1964/2/10,既婚,B型,静岡県,080-2021-4287,au
富永 真一,とみなが しんいち,tominaga_shinichi@example.com,男,76,1950/1/4,既婚,B型,岐阜県,090-2163-9831,ドコモ
野崎 功補,のざき こうすけ,nozaki_kousuke@example.com,男,49,1976/11/9,既婚,O型,大阪府,090-6291-3314,ソフトバンク
稲田 聡,いなだ さとし,inada_satoshi@example.com,男,45,1981/1/5,未婚,B型,千葉県,080-1424-1751,ソフトバンク
谷村 麗奈,たにむら れな,tanimura_rena@example.com,女,67,1959/4/16,既婚,O型,兵庫県,080-5976- 774,ドコモ
篠原 法嗣,しのはら ほうし,shinohara_houshi@example.com,男,72,1954/2/26,既婚,A型,岩手県,090- 178-1768,au
斉藤 さんま,さいとう さんま,saitou_sanma@example.com,男,20,2006/6/19,未婚,AB型,鹿児島県,080-7639-3937,au
広田 りえ,ひろた りえ,hirota_rie@example.com,女,80,1945/9/15,既婚,B型,静岡県,090-7420-5656,au
河野 惇,かわの あつし,kawano_atsushi@example.com,男,67,1958/11/22,既婚,A型,秋田県,080-5715-2169,ドコモ
金児 寿明,かねこ としあき,kaneko_toshiaki@example.com,男,41,1985/2/26,既婚,A型,東京都,080-6689-9770,au
金沢 美佐子,かねざわ みさこ,kanezawa_misako@example.com,女,26,1999/10/2,既婚,A型,広島県,090-2562-6518,ドコモ
徳永 沙知絵,とくなが さちえ,tokunaga_sachie@example.com,女,62,1963/10/15,既婚,A型,愛知県,080-7410-2656,ドコモ
北川 礼子,きたかわ れいこ,kitakawa_reiko@example.com,女,25,2001/6/27,未婚,B型,岩手県,090-7735-8737,au
品川 茜,しながわ あかね,shinagawa_akane@example.com,女,61,1965/7/17,既婚,B型,東京都,080-5235-9634,ソフトバンク
本間 マサカズ,ほんま まさかず,honnma_masakazu@example.com,男,57,1969/7/23,既婚,AB型,沖縄県,090-4840-8860,ドコモ
北村 竜也,きたむら たつや,kitamura_tatsuya@example.com,男,34,1992/1/5,既婚,O型,京都府,080-9312- 672,ソフトバンク
紺野 ひろみ,こんの ひろみ,konno_hiromi@example.com,女,66,1960/5/11,既婚,B型,東京都,080-3065- 249,ドコモ
山根 ひとみ,やまね ひとみ,yamane_hitomi@example.com,女,23,2003/7/6,未婚,A型,高知県,090-3634-2770,ドコモ
浜口 法嗣,はまぐち ほうし,hamaguchi_houshi@example.com,男,66,1960/8/10,既婚,O型,山梨県,090-2705-5546,ツーカー
上原 麗奈,うえはら れな,uehara_rena@example.com,女,28,1997/12/27,既婚,O型,東京都,090-7302-8662,au
大林 遥,おおばやし はるか,oobayashi_haruka@example.com,女,23,2003/3/2,未婚,O型,岩手県,080-9620-6162,ドコモ
松尾 真悠子,まつお まゆこ,matsuo_mayuko@example.com,女,48,1978/2/22,既婚,B型,熊本県,080-4596-3941,ドコモ
植田 裕司,うえた ゆうじ,ueta_yuuji@example.com,男,64,1961/12/17,既婚,B型,岐阜県,090-2644-1770,ドコモ
南部 一代,なんぶ かずよ,nannbu_kazuyo@example.com,女,35,1991/6/2,既婚,B型,宮崎県,080- 357-4660,au
吉岡 麗奈,よしおか れな,yoshioka_rena@example.com,女,47,1978/10/12,既婚,B型,東京都,080- 465-4899,ドコモ
大西 竜也,おおにし たつや,oonishi_tatsuya@example.com,男,72,1954/6/3,既婚,B型,埼玉県,090-9088-7155,ソフトバンク
寺島 良介,てらしま りょうすけ,terashima_ryousuke@example.com,男,21,2004/12/1,既婚,B型,京都府,080- 446-8908,ソフトバンク
諏訪 ケンイチ,すわ けんいち,suwa_kenichi@example.com,男,71,1955/4/9,既婚,A型,三重県,080-7659-1146,ソフトバンク
今田 まみ,いまだ まみ,imada_mami@example.com,女,40,1986/2/5,既婚,A型,東京都,080-1255-5617,au
山野 桃子,やまの ももこ,yamano_momoko@example.com,女,54,1972/7/31,既婚,A型,大阪府,080-1314-6223,ドコモ
辻 陽子,つじ ようこ,tsuji_youko@example.com,女,35,1990/10/13,既婚,B型,広島県,080-3965-1461,au
北島 浩正,きたじま ひろまさ,kitajima_hiromasa@example.com,男,27,1999/1/30,既婚,A型,新潟県,090- 990- 550,ドコモ
北川 誠一,きたかわ せいいち,kitakawa_seiichi@example.com,男,42,1983/11/30,既婚,A型,大阪府,080-2580-8365,ドコモ
河合 はじめ,かわい はじめ,kawai_hajime@example.com,男,76,1949/10/5,既婚,O型,東京都,090-6679-9014,au
柳沢 友也,やなぎさわ ともや,yanagisawa_tomoya@example.com,男,49,1977/2/23,既婚,AB型,広島県,080-4607-7532,ドコモ
角谷 遥,かどたに はるか,kadotani_haruka@example.com,女,36,1989/12/4,既婚,A型,大阪府,080-6733-6145,au
山川 裕司,やまかわ ゆうじ,yamakawa_yuuji@example.com,男,71,1955/2/12,既婚,B型,静岡県,090-5458-1037,ドコモ
塩沢 なつみ,しおざわ なつみ,shiozawa_natsumi@example.com,女,43,1982/12/29,既婚,O型,愛知県,080-6607-6931,au
本田 勇一,ほんだ ゆういち,honnda_yuuichi@example.com,男,44,1981/8/29,既婚,O型,東京都,090-7017-7477,ドコモ
宮地 裕司,みやじ ゆうじ,miyaji_yuuji@example.com,男,44,1981/10/17,既婚,A型,東京都,090-2596-6100,ドコモ
七瀬 遥,ななせ はるか,nanase_haruka@example.com,女,43,1982/10/28,既婚,O型,秋田県,080- 724-4014,au
大島 マサカズ,おおしま まさかず,ooshima_masakazu@example.com,男,40,1985/12/12,既婚,B型,東京都,090-6574-3618,ドコモ
上村 晃司,うえむら こうじ,uemura_kouji@example.com,男,70,1956/6/10,既婚,A型,岡山県,080-8977-7883,ドコモ
吉原 隼士,よしわら しゅんじ,yoshiwara_shunji@example.com,男,73,1953/5/10,既婚,B型,宮崎県,090-6676- 983,au
東 慶二,ひがし けいじ,higashi_keiji@example.com,男,50,1976/3/12,既婚,A型,三重県,080-5546-5887,au
立花 輝信,たちばな あきのぶ,tachibana_akinobu@example.com,男,69,1957/1/12,既婚,B型,埼玉県,080-6227-9445,au
松山 健,まつやま けん,matsuyama_ken@example.com,男,52,1974/8/11,未婚,O型,東京都,080-5984- 518,ドコモ
安田 陽介,やすだ ようすけ,yasuda_yousuke@example.com,男,28,1998/5/19,未婚,AB型,広島県,090-8974-7479,au
滝沢 奈々,たきざわ なな,takizawa_nana@example.com,女,33,1993/1/20,既婚,A型,熊本県,090-2828-6171,ドコモ
入江 麻由子,いりえ まゆこ,irie_mayuko@example.com,女,53,1972/9/29,既婚,A型,大阪府,090-2959- 774,ドコモ
桜井 晃司,さくらい こうじ,sakurai_kouji@example.com,男,22,2004/7/23,未婚,A型,千葉県,090-7528-8404,au
藤原 寛治,ふじわら かんじ,fujiwara_kanji@example.com,男,69,1957/4/10,既婚,B型,愛媛県,090-7990-3582,ドコモ
峰 貴美子,みね きみこ,mine_kimiko@example.com,女,58,1968/8/1,既婚,AB型,北海道,080-1725-3402,ドコモ
余 景子,よ けいこ,yo_keiko@example.com,女,27,1999/5/11,未婚,AB型,東京都,080-2800-5536,ソフトバンク
川合 芳正,かわい よしまさ,kawai_yoshimasa@example.com,男,26,1999/12/7,未婚,O型,北海道,090-4535-3664,au
矢作 恵子,やはぎ けいこ,yahagi_keiko@example.com,女,67,1959/7/13,既婚,O型,宮城県,080-7509-3065,ドコモ
塚原 明,つかはら あきら,tsukahara_akira@example.com,男,21,2004/8/28,未婚,B型,神奈川県,080-  20-9515,au
神谷 恵梨香,かみや えりか,kamiya_erika@example.com,女,33,1993/5/15,既婚,A型,福島県,080-4997-9143,ソフトバンク
立川 薫,たちかわ かおる,tachikawa_kaoru@example.com,男,30,1996/7/14,既婚,B型,愛知県,090-9986-4279,ドコモ
大友 美幸,おおとも みゆき,ootomo_miyuki@example.com,女,51,1975/1/19,既婚,O型,千葉県,090-1190-9473,ドコモ
志村 まみ,しむら まみ,shimura_mami@example.com,女,31,1995/8/13,既婚,O型,大阪府,080-1603-3900,ドコモ
長谷川 充則,はせがわ みつのり,hasegawa_mitsunori@example.com,男,24,2002/3/28,未婚,A型,静岡県,080-9147-7264,ドコモ
原 はじめ,はら はじめ,hara_hajime@example.com,男,60,1966/7/8,既婚,A型,群馬県,080-7197-9422,au
末永 憲一,すえなが けんいち,suenaga_kenichi@example.com,男,65,1961/7/25,既婚,A型,神奈川県,080-5085-2427,ドコモ
遠山 一代,とおやま かずよ,tooyama_kazuyo@example.com,女,63,1963/8/3,既婚,A型,三重県,090-4800-3047,ドコモ
竹中 真希,たけなか まき,takenaka_maki@example.com,女,74,1952/5/29,既婚,A型,島根県,080-6254-4479,ソフトバンク
千田 さやか,せんだ さやか,sennda_sayaka@example.com,女,32,1994/8/9,未婚,A型,東京都,090-2751-5507,ドコモ
酒井 瞬,さかい しゅん,sakai_shun@example.com,男,50,1975/9/28,既婚,B型,東京都,080- 699-1508,ドコモ
鎌田 南朋,かまた なお,kamata_nao@example.com,女,53,1973/8/1,既婚,AB型,大阪府,090-9783-4157,ドコモ
福原 愛梨,ふくはら あいり,fukuhara_airi@example.com,女,56,1970/8/20,既婚,B型,埼玉県,080-7575- 335,ドコモ
黒岩 早織,くろいわ さおり,kuroiwa_saori@example.com,女,73,1953/3/27,既婚,A型,山形県,080-3578-7592,ソフトバンク
浅見 詩織,あさみ しおり,asami_shiori@example.com,女,69,1957/8/4,既婚,A型,北海道,080-3712-5500,ドコモ
新垣 那奈,にいがき なな,niigaki_nana@example.com,女,43,1982/12/27,既婚,A型,岡山県,080-5817-3634,au
大沢 雅之,おおさわ まさゆき,oosawa_masayuki@example.com,男,31,1995/1/9,既婚,B型,埼玉県,080-7614-6836,ドコモ
福士 莉央,ふくし りお,fukushi_rio@example.com,女,44,1981/11/8,既婚,AB型,岡山県,080- 171-3309,ドコモ
中田 竜也,なかた たつや,nakata_tatsuya@example.com,男,72,1954/4/21,既婚,O型,愛知県,080-5973-7255,ドコモ
西脇 はるか,にしわき はるか,nishiwaki_haruka@example.com,女,24,2002/4/1,既婚,O型,広島県,090-1573-3856,ドコモ
津川 利夫,つがわ としお,tsugawa_toshio@example.com,男,62,1964/5/30,既婚,AB型,大阪府,090- 154-3887,ドコモ
瀬戸 孝太郎,せと こうたろう,seto_koutarou@example.com,男,60,1965/9/26,既婚,O型,福井県,080- 438-8948,ソフトバンク
山中 優,やまなか ゆう,yamanaka_yuu@example.com,男,29,1996/8/22,未婚,O型,神奈川県,090- 892-6964,au
辻 沙知絵,つじ さちえ,tsuji_sachie@example.com,女,55,1970/10/14,既婚,O型,東京都,080-4255-4113,ソフトバンク
秦 聡,はた さとし,hata_satoshi@example.com,男,58,1967/12/15,既婚,AB型,東京都,090-8661-1705,ドコモ
井上 宏,いのうえ ひろし,inoue_hiroshi@example.com,男,71,1955/1/31,既婚,A型,佐賀県,090-1167-9849,ドコモ
宮田 瞬,みやた しゅん,miyata_shun@example.com,男,28,1998/6/21,既婚,O型,東京都,090-4845-9101,au
橋本 宏行,はしもと ひろゆき,hashimoto_hiroyuki@example.com,男,33,1993/6/18,未婚,O型,東京都,090-5791-4115,au
高谷 研二,たかや けんじ,takaya_kenji@example.com,男,74,1952/1/12,既婚,B型,東京都,090-4962-1739,au
相川 マサカズ,あいかわ まさかず,aikawa_masakazu@example.com,男,43,1983/4/11,既婚,A型,東京都,090-6617-9754,ソフトバンク
稲葉 薫,いなば かおる,inaba_kaoru@example.com,男,39,1987/3/3,未婚,O型,愛知県,080-9702- 814,au
加藤 直人,かとう なおと,katou_naoto@example.com,男,60,1966/3/11,既婚,AB型,青森県,090-6810- 977,au
奥寺 惇,おくでら じゅん,okudera_jun@example.com,男,27,1998/11/3,未婚,AB型,茨城県,090-2539- 104,ドコモ
大城 隆博,おおしろ たかひろ,ooshiro_takahiro@example.com,男,43,1983/6/22,既婚,B型,広島県,080-6207-6271,ドコモ
森島 綾,もりしま あや,morishima_aya@example.com,女,69,1956/10/26,既婚,O型,大阪府,090-4104-2042,ドコモ
岩城 薫,いわき かおる,iwaki_kaoru@example.com,女,58,1968/5/27,既婚,O型,愛媛県,090-1672-3067,ドコモ
三船 雅功,みふね まさとし,mifune_masatoshi@example.com,男,67,1959/5/4,既婚,A型,北海道,080-3313-  68,ドコモ
岡 美佐子,おか みさこ,oka_misako@example.com,女,28,1998/1/15,未婚,O型,愛知県,080-5809-2083,ドコモ
森口 貴嶺,もりぐち たかね,moriguchi_takane@example.com,男,65,1961/7/21,既婚,A型,群馬県,080-3605- 123,ドコモ
小川 めぐみ,おがわ めぐみ,ogawa_megumi@example.com,女,69,1957/7/24,既婚,O型,神奈川県,090- 273-6623,au
根岸 雅之,ねぎし まさゆき,negishi_masayuki@example.com,男,27,1999/5/1,既婚,AB型,福井県,080-9295-2607,au
荒川 芽以,あらかわ めい,arakawa_mei@example.com,女,71,1955/6/1,既婚,B型,大阪府,080-9634-4068,ドコモ
滝本 ひろ子,たきもと ひろこ,takimoto_hiroko@example.com,女,28,1998/6/26,未婚,A型,新潟県,090-2291-4173,ドコモ
片山 七世,かたやま ななせ,katayama_nanase@example.com,女,53,1972/11/29,既婚,AB型,愛知県,080-4878-3530,ドコモ
有村 ひろみ,ありむら ひろみ,arimura_hiromi@example.com,女,40,1985/11/24,既婚,A型,東京都,080-2955-6546,au
奥村 遥,おくむら はるか,okumura_haruka@example.com,女,79,1947/6/2,既婚,A型,北海道,080-2194-4968,au
黒木 結子,くろき ゆうこ,kuroki_yuuko@example.com,女,31,1994/12/12,既婚,O型,愛知県,090- 995-7005,ツーカー
余 あさみ,よ あさみ,yo_asami@example.com,女,41,1985/2/7,既婚,O型,愛媛県,090-2719-1172,ドコモ
長岡 聖陽,ながおか まさあき,nagaoka_masaaki@example.com,男,33,1993/6/29,未婚,O型,福岡県,080-2691-2328,ドコモ
本田 さやか,ほんだ さやか,honnda_sayaka@example.com,女,54,1972/2/17,既婚,B型,埼玉県,080-2348-4758,ドコモ
松田 光,まつだ ひかる,matsuda_hikaru@example.com,男,65,1961/2/5,既婚,B型,鹿児島県,090-9732-4867,au
大坪 友香,おおつぼ ともか,ootsubo_tomoka@example.com,女,36,1990/6/16,既婚,A型,東京都,090-7607-7733,au
宇田川 玲那,うだがわ れな,udagawa_rena@example.com,女,34,1992/5/6,既婚,B型,岡山県,090-2251-5912,ドコモ
五大 あき,ごだい あき,godai_aki@example.com,女,46,1979/10/21,既婚,A型,広島県,090-3912-1366,ドコモ
長島 碧海,ながしま おうが,nagashima_ouga@example.com,男,71,1955/2/4,既婚,A型,福島県,080-4459-7767,ドコモ
小平 恵梨香,こひら えりか,kohira_erika@example.com,女,62,1963/12/14,既婚,O型,愛知県,090-6290-8865,au
大泉 博之,おおいずみ ひろゆき,ooizumi_hiroyuki@example.com,男,64,1962/1/12,既婚,O型,奈良県,090-5494-1841,au
水谷 晋也,みずたに しんや,mizutani_shinya@example.com,男,35,1991/7/3,既婚,O型,静岡県,090-9832-2889,ドコモ
佐古 サダヲ,さこ さだお,sako_sadawo@example.com,男,42,1984/5/6,既婚,O型,千葉県,080- 789-5659,ソフトバンク
麻生 恵麻,あそう えま,asou_ema@example.com,女,20,2006/3/19,未婚,A型,滋賀県,080-7808-4117,ドコモ
長沢 友也,ながさわ ともや,nagasawa_tomoya@example.com,男,72,1954/5/3,既婚,B型,岐阜県,090- 332-6994,au
大泉 敏和,おおいずみ としかず,ooizumi_toshikazu@example.com,男,72,1954/5/11,既婚,AB型,兵庫県,090-9403-5951,ドコモ
中島 美和子,なかじま みわこ,nakajima_miwako@example.com,女,32,1994/7/30,既婚,B型,岐阜県,080-9769-8266,ドコモ
小杉 なつみ,こすぎ なつみ,kosugi_natsumi@example.com,女,46,1980/2/12,既婚,A型,神奈川県,080-6585-4017,ドコモ
細川 花,ほそかわ はな,hosokawa_hana@example.com,女,45,1980/10/18,既婚,A型,石川県,090-8248-9048,ソフトバンク
寺尾 奈月,てらお なつき,terao_natsuki@example.com,女,32,1993/9/3,未婚,A型,東京都,090- 540-7363,ドコモ
海老原 美嘉,えびはら みか,ebihara_mika@example.com,女,48,1977/10/1,既婚,A型,茨城県,080-3342-8816,au
浅利 一樹,あさり かずき,asari_kazuki@example.com,男,59,1966/9/25,既婚,AB型,東京都,090-2495-1211,ドコモ
小高 まさみ,こだか まさみ,kodaka_masami@example.com,女,44,1982/7/3,既婚,A型,東京都,090-8230-6175,ドコモ
高松 ジローラモ,たかまつ じろーらも,takamatsu_girolamo@example.com,男,80,1946/4/10,既婚,A型,兵庫県,080-1582-8718,ソフトバンク
沼田 ちえみ,ぬまた ちえみ,numata_chiemi@example.com,女,62,1963/12/23,既婚,O型,和歌山県,080-9605-4452,ソフトバンク
高見 英嗣,たかみ ひでつぐ,takami_hidetsugu@example.com,男,35,1990/10/12,既婚,O型,北海道,090-3650-1556,ドコモ
関口 俊二,せきぐち しゅんじ,sekiguchi_shunji@example.com,男,40,1986/2/6,未婚,O型,埼玉県,080-6514-6995,ドコモ
西村 愛,にしむら あい,nishimura_ai@example.com,女,62,1963/10/31,既婚,B型,京都府,080-9625-6079,ドコモ
植村 正敏,うえむら まさとし,uemura_masatoshi@example.com,男,25,2001/2/2,未婚,A型,愛知県,080- 495-8608,ソフトバンク
市川 弘也,いちかわ ひろなり,ichikawa_hironari@example.com,男,23,2002/10/4,既婚,AB型,京都府,080- 157-3569,au
島袋 惇,しまぶくろ あつし,shimabukuro_atsushi@example.com,男,55,1971/1/3,既婚,A型,福島県,090-5983-2309,ドコモ
宮地 ヒロ,みやじ ひろ,miyaji_hiro@example.com,男,52,1974/1/10,既婚,B型,兵庫県,080-4877-9412,ソフトバンク
宇都宮 友以乃,うつのみや ゆいの,utsunomiya_yuino@example.com,女,28,1998/6/10,未婚,B型,青森県,090-6998-3108,ソフトバンク
満島 信吾,みつしま しんご,mitsushima_shingo@example.com,男,74,1952/6/21,既婚,A型,愛知県,080-9567-7122,ドコモ
大久保 怜奈,おおくぼ れいな,ookubo_reina@example.com,女,78,1948/5/5,既婚,AB型,神奈川県,090-1597-2633,ドコモ
宍戸 サダヲ,ししど さだお,shishido_sadawo@example.com,男,75,1950/10/21,既婚,B型,静岡県,090-3027-8895,au
毛利 哲平,もうり てっぺい,mouri_teppei@example.com,男,41,1985/1/14,既婚,B型,群馬県,090-9515- 272,au
飯田 光博,いいだ みつひろ,iida_mitsuhiro@example.com,男,33,1993/8/15,既婚,O型,兵庫県,080-7283-4788,ドコモ
保坂 優,ほさか ゆう,hosaka_yuu@example.com,男,57,1969/2/4,既婚,A型,愛知県,090- 724-8070,ドコモ
岡山 結衣,おかやま ゆい,okayama_yui@example.com,女,72,1954/2/9,既婚,B型,栃木県,080- 117-7777,ドコモ
内山 ひとり,うちやま ひとり,uchiyama_hitori@example.com,男,65,1961/3/23,既婚,A型,岩手県,080-3500-7794,ドコモ
益岡 花,ますおか はな,masuoka_hana@example.com,女,73,1953/8/9,既婚,O型,沖縄県,090-7649-1739,ドコモ
平尾 郁恵,ひらお いくえ,hirao_ikue@example.com,女,25,2001/6/2,既婚,O型,愛媛県,090-9737-9518,ドコモ
安井 杏,やすい あん,yasui_ann@example.com,女,79,1946/10/25,既婚,B型,京都府,090-6912-3912,au
沖田 美幸,おきた みゆき,okita_miyuki@example.com,女,43,1983/6/2,既婚,B型,愛知県,080-2984-1673,ドコモ
清田 佑,きよた たすく,kiyota_tasuku@example.com,男,71,1954/10/16,既婚,AB型,石川県,090-3975-2585,au
菅野 ノブヒコ,すがの のぶひこ,sugano_nobuhiko@example.com,男,57,1969/3/27,既婚,B型,埼玉県,090- 738-2763,au
小松 雅彦,こまつ まさひこ,komatsu_masahiko@example.com,男,58,1967/10/4,既婚,B型,東京都,090-2265-4628,ソフトバンク
芦屋 勇一,あしや ゆういち,ashiya_yuuichi@example.com,男,31,1995/8/11,未婚,O型,愛知県,090-7091-4970,au
川越 信輔,かわごえ しんすけ,kawagoe_shinsuke@example.com,男,48,1977/11/9,未婚,A型,奈良県,080-8233-6060,ドコモ
瀬川 宏行,せがわ ひろゆき,segawa_hiroyuki@example.com,男,42,1984/6/5,既婚,AB型,兵庫県,080-4788-9466,ドコモ
相原 誠治,あいはら せいじ,aihara_seiji@example.com,男,48,1978/1/19,既婚,O型,福井県,090-7457-2081,ドコモ
菅原 輝信,すがわら あきのぶ,sugawara_akinobu@example.com,男,68,1957/9/12,既婚,A型,神奈川県,090-7194-2656,ドコモ
寺島 隼士,てらしま しゅんじ,terashima_shunji@example.com,男,80,1945/12/24,既婚,O型,岩手県,080-3670- 953,ドコモ
柳川 徹平,やながわ てっぺい,yanagawa_teppei@example.com,男,36,1990/4/23,既婚,O型,愛知県,090- 500-1567,ドコモ
高岡 真希,たかおか まき,takaoka_maki@example.com,女,60,1966/3/3,既婚,AB型,長崎県,090-6013-8735,ソフトバンク
相馬 宏行,あいば ひろゆき,aiba_hiroyuki@example.com,男,23,2002/10/15,既婚,B型,大阪府,080-4794-5333,ソフトバンク
ユースケ 建,ゆーすけ けん,yusuke_ken@example.com,男,30,1995/12/8,既婚,O型,栃木県,090-6077-9178,ドコモ
松田 真奈美,まつだ まなみ,matsuda_manami@example.com,女,45,1981/3/19,既婚,A型,兵庫県,090-9366-8144,ドコモ
増田 さやか,ますだ さやか,masuda_sayaka@example.com,女,25,2001/5/27,未婚,O型,岡山県,080-5991-5123,au
石田 亜希,いしだ あき,ishida_aki@example.com,女,56,1970/2/8,既婚,A型,福岡県,080-2758-7100,ドコモ
角田 あさみ,かどた あさみ,kadota_asami@example.com,女,24,2002/6/5,未婚,O型,東京都,080-1961-4386,ドコモ
美木 まなみ,みき まなみ,miki_manami@example.com,女,28,1998/4/30,未婚,O型,鹿児島県,080-1690-6227,ソフトバンク
田上 美里,たうえ みり,taue_miri@example.com,女,65,1960/9/13,既婚,O型,東京都,080-4218-4535,ドコモ
中野 ヒロ,なかの ひろ,nakano_hiro@example.com,男,49,1977/2/14,既婚,O型,徳島県,090-5034-5335,ドコモ
西原 佑,にしはら たすく,nishihara_tasuku@example.com,男,60,1966/3/14,既婚,O型,福島県,090-4356-7012,ドコモ
田中 あおい,たなか あおい,tanaka_aoi@example.com,女,53,1973/3/1,既婚,B型,大阪府,080-9480-9615,ソフトバンク
奥村 メイサ,おくむら めいさ,okumura_meisa@example.com,女,71,1954/12/30,既婚,A型,大阪府,080-4488-1779,au
木田 寿々花,きだ すずか,kida_suzuka@example.com,女,69,1956/12/21,既婚,B型,北海道,090-2449-2664,ドコモ
本間 俊二,ほんま しゅんじ,honma_shunji@example.com,男,64,1961/9/29,既婚,B型,埼玉県,080-9522-9167,ドコモ
田川 隆之介,たがわ りゅうのすけ,tagawa_ryuunosuke@example.com,男,79,1947/3/24,既婚,O型,香川県,080-5185-2197,au
石山 基祐,いしやま きすけ,ishiyama_kisuke@example.com,男,55,1971/7/22,既婚,O型,福岡県,080-4197-5666,au
西脇 満,にしわき みつる,nishiwaki_mitsuru@example.com,男,25,2001/5/25,未婚,B型,新潟県,090-4716-3901,au
森川 佑,もりかわ たすく,morikawa_tasuku@example.com,男,27,1998/8/25,既婚,O型,千葉県,090- 265-5257,ドコモ
石井 奈月,いしい なつき,ishii_natsuki@example.com,女,38,1987/11/3,既婚,A型,東京都,080-7630-4821,ドコモ
石本 咲,いしもと さき,ishimoto_saki@example.com,女,38,1987/12/5,既婚,O型,石川県,080-6411-7370,ソフトバンク
石田 洋,いしだ よう,ishida_you@example.com,男,34,1991/9/12,既婚,O型,東京都,080-1267-3223,ソフトバンク
益岡 奈月,ますおか なつき,masuoka_natsuki@example.com,女,38,1987/11/27,既婚,A型,香川県,090-4131-6739,ソフトバンク
成田 美菜,なりた みな,narita_mina@example.com,女,67,1959/3/6,既婚,A型,京都府,090-9024-7218,au
吉岡 賢二,よしおか けんじ,yoshioka_kenji@example.com,男,65,1961/6/24,既婚,AB型,兵庫県,080-6870-9309,ドコモ
福士 フミヤ,ふくし ふみや,fukushi_fumiya@example.com,男,22,2004/6/10,未婚,O型,静岡県,090-6026-9347,ドコモ
武藤 あおい,むとう あおい,mutou_aoi@example.com,女,20,2005/10/3,未婚,AB型,埼玉県,080-7212-1912,ソフトバンク
海野 美紀,うみの みき,umino_miki@example.com,女,34,1991/11/24,未婚,O型,北海道,080-9396-9016,ドコモ
高嶋 雅功,たかしま まさとし,takashima_masatoshi@example.com,男,48,1977/9/30,既婚,A型,山形県,080-7902-1687,ツーカー
劇団 龍吉,げきだん りゅうきち,gekidan_ryuukichi@example.com,男,26,1999/12/8,未婚,A型,愛媛県,090-3736-9010,ドコモ
戸田 哲平,とだ てっぺい,toda_teppei@example.com,男,28,1997/10/30,未婚,O型,東京都,090-6798-4134,ドコモ
仲村 未來,なかむら みらい,nakamura_mirai@example.com,男,79,1947/1/1,既婚,B型,福岡県,090-7352-6354,ドコモ
石田 完爾,いしだ かんじ,ishida_kanji@example.com,男,66,1959/11/27,既婚,O型,福島県,080-3756-6365,ドコモ
多部 良介,たべ りょうすけ,tabe_ryousuke@example.com,男,60,1965/9/11,既婚,B型,青森県,090-7969-1485,ドコモ
浜口 憲史,はまぐち のりひと,hamaguchi_norihito@example.com,男,43,1982/9/12,既婚,A型,兵庫県,090-8630-4373,ドコモ
佐藤 妃里,さとう ゆり,satou_yuri@example.com,女,71,1954/10/20,既婚,O型,栃木県,080-8485-3141,au
中 聡,なか さとし,naka_satoshi@example.com,男,57,1969/3/12,未婚,A型,長野県,090-4333- 192,ドコモ
飯塚 奈央,いいづか なお,iiduka_nao@example.com,女,77,1949/6/4,既婚,O型,群馬県,080-3419-9446,au
河原 遥,かわはら はるか,kawahara_haruka@example.com,女,39,1987/2/3,既婚,O型,宮城県,080-6990-6480,au
徳永 花,とくなが はな,tokunaga_hana@example.com,女,28,1998/1/29,未婚,A型,佐賀県,080-5341-8458,ドコモ
成田 里奈,なりた りな,narita_rina@example.com,女,33,1993/2/12,既婚,AB型,長野県,080-6820-2446,ソフトバンク
高沢 昌代,たかさわ まさよ,takasawa_masayo@example.com,女,71,1955/3/20,既婚,O型,埼玉県,090-7619-3927,au
青柳 陽子,あおやぎ ようこ,aoyagi_youko@example.com,女,52,1974/5/31,既婚,B型,兵庫県,090-8371-6097,ドコモ
竹中 禄郎,たけなか ろくろう,takenaka_rokurou@example.com,男,54,1971/11/9,既婚,AB型,宮城県,090-5274-4148,au
河原 桃子,かわはら ももこ,kawahara_momoko@example.com,女,67,1958/8/28,既婚,A型,宮崎県,090-7203-3549,au
渡辺 くるみ,わたなべ くるみ,watanabe_kurumi@example.com,女,27,1999/1/8,既婚,O型,東京都,090-9667-3665,au
若山 寿々花,わかやま すずか,wakayama_suzuka@example.com,女,49,1977/4/1,既婚,A型,鹿児島県,080-1965-6576,ドコモ
末永 美佐,すえなが みさ,suenaga_misa@example.com,女,77,1949/5/6,既婚,A型,福島県,090-5088-9099,ソフトバンク
寺本 理紗,てらもと りさ,teramoto_risa@example.com,女,77,1948/11/27,既婚,A型,熊本県,090-6172-4682,ソフトバンク
江川 優,えがわ ゆう,egawa_yuu@example.com,女,33,1993/8/3,既婚,O型,滋賀県,090-6113-1590,ドコモ
石本 弘也,いしもと ひろなり,ishimoto_hironari@example.com,男,24,2002/1/21,既婚,A型,岐阜県,090-2719-7836,ドコモ
松山 徹,まつやま とおる,matsuyama_tooru@example.com,男,77,1949/1/7,既婚,O型,埼玉県,090-3813-9265,ソフトバンク
曽根 敏和,そね としかず,sone_toshikazu@example.com,男,40,1985/11/9,既婚,B型,神奈川県,090-6386- 467,ドコモ
吉井 ひかり,よしい ひかり,yoshii_hikari@example.com,女,69,1957/5/22,既婚,O型,神奈川県,080-6593-3741,ツーカー
馬場 悟志,ばば さとし,baba_satoshi@example.com,男,71,1955/4/1,既婚,A型,神奈川県,080-5199-6533,ドコモ
曽根 仁,そね じん,sone_jin@example.com,男,60,1965/10/29,既婚,A型,京都府,080-7487-4923,ソフトバンク
田中 美帆,たなか みほ,tanaka_miho@example.com,女,33,1993/3/9,既婚,AB型,佐賀県,090- 616-9355,au
西岡 ヒカル,にしおか ひかる,nishioka_hikaru@example.com,女,30,1996/4/9,既婚,O型,宮崎県,090-4354-8384,ソフトバンク
浅倉 結衣,あさくら ゆい,asakura_yui@example.com,女,53,1973/4/12,既婚,A型,宮崎県,080-8993-8448,au
大塚 洋介,おおつか ようすけ,ootsuka_yousuke@example.com,男,79,1947/1/13,既婚,A型,埼玉県,090-2317-9212,ドコモ
横田 夏希,よこた なつき,yokota_natsuki@example.com,女,20,2006/4/24,既婚,O型,広島県,090-2733-8868,ドコモ
田上 京子,たうえ きょうこ,taue_kyouko@example.com,女,50,1975/11/10,既婚,B型,東京都,080-9268-5599,ソフトバンク
井上 ジョージ,いのうえ じょーじ,inoue_george@example.com,男,45,1981/7/2,既婚,A型,埼玉県,090-8920-6498,ドコモ
松下 めぐみ,まつした めぐみ,matsushita_megumi@example.com,女,73,1953/3/22,既婚,A型,広島県,080-5078-4463,ドコモ
春日 窈,かすが よう,kasuga_you@example.com,女,32,1994/2/11,既婚,B型,北海道,090-6054-5351,au
木内 禄郎,きうち ろくろう,kiuchi_rokurou@example.com,男,41,1984/11/16,既婚,B型,岐阜県,080-3456- 109,ドコモ
川辺 陽介,かわべ ようすけ,kawabe_yousuke@example.com,男,47,1978/11/29,既婚,A型,神奈川県,080-5756- 264,au
藤木 七世,ふじき ななせ,fujiki_nanase@example.com,女,44,1982/5/10,既婚,O型,愛知県,090-2125-5354,au
大石 理紗,おおいし りさ,ooishi_risa@example.com,女,25,2000/12/29,既婚,A型,秋田県,090-6025- 373,ツーカー
堀江 大樹,ほりえ ひろき,horie_hiroki@example.com,男,77,1948/12/28,既婚,B型,東京都,080-2152-2635,ドコモ
小野田 南朋,おのだ なお,onoda_nao@example.com,女,48,1978/1/8,既婚,A型,兵庫県,080-5745-5431,ソフトバンク
中川 豊,なかがわ ゆたか,nakagawa_yutaka@example.com,男,63,1963/1/17,既婚,A型,千葉県,080- 876- 397,au
加納 拓郎,かのう たくろう,kanou_takurou@example.com,男,31,1995/3/22,未婚,B型,福島県,080-6737-8433,au
小川 法嗣,おがわ ほうし,ogawa_houshi@example.com,男,36,1989/11/5,未婚,O型,東京都,080-4904-7535,ドコモ
大崎 路子,おおさき みちこ,oosaki_michiko@example.com,女,58,1968/6/24,既婚,O型,千葉県,090-9625-4043,ドコモ
永井 長利,ながい ながとし,nagai_nagatoshi@example.com,男,44,1982/5/12,既婚,A型,茨城県,090- 144-5808,au
村中 孝太郎,むらなか こうたろう,muranaka_koutarou@example.com,男,31,1994/10/3,既婚,O型,埼玉県,080-3275-3111,ドコモ
福本 彩,ふくもと あや,fukumoto_aya@example.com,女,66,1960/4/16,既婚,O型,山口県,090-4745-7018,ドコモ
笹原 南朋,ささはら なお,sasahara_nao@example.com,女,22,2004/3/16,既婚,O型,大阪府,090-4412-8968,ソフトバンク
吹越 一恵,ふきこし かづえ,fukikoshi_kadue@example.com,女,39,1986/10/24,既婚,A型,栃木県,080-8173-8247,ドコモ
小笠原 美帆,おがさわら みほ,ogasawara_miho@example.com,女,29,1996/12/22,未婚,AB型,愛知県,090-4372-1330,ドコモ
木田 サンタマリア,きだ さんたまりあ,kida_stmaria@example.com,女,44,1982/2/6,既婚,O型,山口県,080-5445-4686,ドコモ
成田 由宇,なりた ゆう,narita_yuu@example.com,女,33,1993/2/8,既婚,A型,神奈川県,080-3684-8479,ドコモ
栗山 恭子,くりやま きょうこ,kuriyama_kyouko@example.com,女,28,1998/5/23,既婚,A型,佐賀県,090-9761-5491,ドコモ
白石 さとみ,しらいし さとみ,shiraishi_satomi@example.com,女,77,1948/12/22,既婚,O型,長崎県,090-2386-7846,ドコモ
成瀬 夏空,なるせ そら,naruse_sora@example.com,女,38,1988/8/10,既婚,B型,徳島県,090-9462-3699,au
大西 真帆,おおにし まほ,oonishi_maho@example.com,女,71,1954/9/18,既婚,AB型,静岡県,090-4616-9341,ソフトバンク
根岸 サダヲ,ねぎし さだお,negishi_sadawo@example.com,男,72,1953/10/10,既婚,B型,岡山県,080-6318-6525,au
長岡 精児,ながおか せいじ,nagaoka_seiji@example.com,男,32,1994/5/24,既婚,O型,埼玉県,090-  75-4654,ドコモ
秋山 美咲,あきやま みさき,akiyama_misaki@example.com,女,30,1996/1/28,既婚,O型,大阪府,090-1709-7316,au
毛利 美佐,もうり みさ,mouri_misa@example.com,女,74,1952/4/1,既婚,B型,大阪府,090-2494-9298,ドコモ
藤沢 麻緒,ふじさわ まお,fujisawa_mao@example.com,女,59,1967/1/26,既婚,O型,沖縄県,090-5241-5112,au
浅沼 里穂,あさぬま りほ,asanuma_riho@example.com,女,49,1976/12/14,既婚,O型,愛知県,090-6160-2423,ドコモ
山岡 貴嶺,やまおか たかね,yamaoka_takane@example.com,男,36,1989/9/17,既婚,A型,佐賀県,090-6748-2106,ドコモ
相田 美咲,あいだ みさき,aida_misaki@example.com,女,30,1995/12/21,既婚,A型,千葉県,080-5955-2380,ドコモ
北島 涼,きたじま りょう,kitajima_ryou@example.com,女,67,1958/9/21,既婚,B型,東京都,080-7472-3327,ドコモ
五十嵐 はるみ,いがらし はるみ,igarashi_harumi@example.com,女,34,1992/2/10,既婚,B型,兵庫県,090-4184-3630,ドコモ
関 結子,せき ゆうこ,seki_yuuko@example.com,女,56,1969/9/8,既婚,B型,千葉県,080-9549-6581,au
森井 竜也,もりい たつや,morii_tatsuya@example.com,男,67,1958/11/1,既婚,O型,兵庫県,080-8711-2904,ドコモ
本村 敏也,ほんむら としや,honnmura_toshiya@example.com,男,64,1962/6/10,既婚,A型,宮城県,090-4593-4114,ソフトバンク
瀬川 ひかり,せがわ ひかり,segawa_hikari@example.com,女,67,1959/7/19,既婚,A型,北海道,090-1649-9538,ドコモ
金子 妃里,かねこ ゆり,kaneko_yuri@example.com,女,59,1967/7/12,既婚,B型,大阪府,090-2400- 541,ソフトバンク
小倉 麻由子,おぐら まゆこ,ogura_mayuko@example.com,女,27,1998/10/13,既婚,A型,栃木県,090-5964-6580,ドコモ
内田 慶二,うちだ けいじ,uchida_keiji@example.com,男,52,1974/4/22,既婚,A型,岩手県,090-9344-4365,ソフトバンク
西尾 妃里,にしお ゆり,nishio_yuri@example.com,女,49,1977/6/3,既婚,AB型,岐阜県,080-8916-5652,ドコモ
有田 啓介,ありた けいすけ,arita_keisuke@example.com,男,69,1956/9/30,既婚,AB型,北海道,080-3115-2902,ソフトバンク
宇都宮 エリカ,うつのみや えりか,utsunomiya_erika@example.com,女,49,1977/3/25,既婚,A型,宮崎県,090-6300-9616,au
秋元 俊介,あきもと しゅんすけ,akimoto_shunsuke@example.com,男,21,2005/5/17,未婚,B型,神奈川県,090-5916-2556,ドコモ
ともさか 広司,ともさか こうじ,tomosaka_kouji@example.com,男,62,1964/7/12,既婚,AB型,愛知県,080-9876-2828,ドコモ
前田 美菜,まえだ みな,maeda_mina@example.com,女,38,1988/8/4,既婚,A型,兵庫県,090-2135-8267,ソフトバンク
川瀬 美咲,かわせ みさき,kawase_misaki@example.com,女,79,1947/7/18,既婚,A型,千葉県,090-2259-9233,ドコモ
浅見 莉緒,あさみ りお,asami_rio@example.com,女,53,1973/6/12,既婚,B型,東京都,080-8896-7456,ドコモ
玉置 豊,たまき ゆたか,tamaki_yutaka@example.com,男,40,1985/11/11,未婚,A型,東京都,090-8876-3654,ドコモ
片瀬 真一,かたせ しんいち,katase_shinichi@example.com,男,32,1994/4/14,既婚,A型,鳥取県,090-8652-5034,ソフトバンク
植村 礼子,うえむら れいこ,uemura_reiko@example.com,女,76,1950/8/2,既婚,A型,静岡県,090-5355-1460,ドコモ
伊集院 和久,いじゅういん かずひさ,ijuuin_kazuhisa@example.com,男,30,1995/10/30,既婚,A型,山梨県,080-2224-6943,au
秋山 あき,あきやま あき,akiyama_aki@example.com,女,80,1946/3/15,既婚,O型,千葉県,080- 889-6277,ドコモ
永瀬 奈々,ながせ なな,nagase_nana@example.com,女,76,1950/2/13,既婚,B型,長野県,080-8369- 295,au
堤 徹,つつみ とおる,tsutsumi_tohru@example.com,男,62,1964/8/8,既婚,B型,静岡県,080-3779-4642,au
内田 奈月,うちだ なつき,uchida_natsuki@example.com,女,68,1958/4/7,既婚,O型,東京都,080-2034-8442,au
飯田 扶樹,いいだ もとき,iida_motoki@example.com,男,22,2003/9/21,既婚,A型,岡山県,080-4425- 306,ソフトバンク
大路 圭,おおじ けい,ooji_kei@example.com,男,46,1980/4/15,既婚,B型,千葉県,090-8017-9317,ドコモ
田原 晴臣,たはら はるおみ,tahara_haruomi@example.com,男,38,1988/1/21,未婚,O型,栃木県,090-3516-9536,au
北村 一徳,きたむら いっとく,kitamura_ittoku@example.com,男,33,1993/5/7,既婚,B型,山形県,090-9744-5004,au
片山 誠治,かたやま せいじ,katayama_seiji@example.com,男,22,2003/9/27,未婚,A型,東京都,090-9177-1948,au
大竹 勇介,おおたけ ゆうすけ,ootake_yuusuke@example.com,男,57,1969/4/22,既婚,B型,高知県,080-4234-9862,ドコモ
成瀬 まひる,なるせ まひる,naruse_mahiru@example.com,女,65,1961/3/8,既婚,B型,福島県,080-6137-9396,ドコモ
重松 エリカ,しげまつ えりか,shigematsu_erika@example.com,女,49,1977/1/29,既婚,A型,奈良県,080-4265-3567,ドコモ
志村 崇史,しむら たかし,shimura_takashi@example.com,男,57,1969/1/30,既婚,O型,神奈川県,090-2888-8027,au
秋山 祐一,あきやま ゆういち,akiyama_yuuichi@example.com,男,23,2003/5/25,未婚,O型,佐賀県,080-6940-4133,au
川田 功補,かわた こうすけ,kawata_kousuke@example.com,男,63,1963/5/6,既婚,A型,千葉県,090-8992-5960,ドコモ
小室 春樹,こむろ はるき,komuro_haruki@example.com,女,76,1950/5/31,既婚,AB型,福岡県,080-4690-4406,au
宮迫 染五郎,みやさこ そめごろう,miyasako_somegorou@example.com,男,44,1981/10/6,未婚,B型,新潟県,080-4436-1028,ドコモ
西口 信輔,にしぐち しんすけ,nishiguchi_shinsuke@example.com,男,70,1956/4/6,既婚,B型,大分県,080-9814-3609,au
大竹 一,おおたけ はじめ,ootake_hajime@example.com,男,21,2005/6/21,未婚,A型,神奈川県,090-6058-9718,ドコモ
瀬戸 ケンイチ,せと けんいち,seto_kenichi@example.com,男,46,1979/12/13,既婚,O型,香川県,090-7341-3297,au
深田 美優,ふかだ みゅう,fukada_myuu@example.com,女,62,1963/11/1,既婚,O型,山口県,080-2626-9820,ドコモ
森下 彩,もりした あや,morishita_aya@example.com,女,27,1998/12/31,既婚,A型,茨城県,080-2992-4553,au
白鳥 さんま,しらとり さんま,shiratori_sanma@example.com,男,23,2003/3/1,未婚,A型,福岡県,080- 180-5371,ドコモ
佐川 裕次郎,さがわ ゆうじろう,sagawa_yuujirou@example.com,男,49,1977/1/27,既婚,O型,埼玉県,080-3521- 429,ドコモ
日下 米蔵,ひのした よねぞう,hinoshita_yonezou@example.com,男,31,1994/9/7,既婚,A型,広島県,080-2686-3203,ソフトバンク
久保田 守,くぼた まもる,kubota_mamoru@example.com,男,80,1946/3/1,既婚,A型,神奈川県,080-5609-4451,ドコモ
津田 真一,つだ しんいち,tsuda_shinichi@example.com,男,79,1947/4/13,既婚,A型,茨城県,080-9936-5884,ドコモ
塩田 圭,しおた けい,shiota_kei@example.com,男,44,1982/4/7,既婚,A型,新潟県,080-6872-2577,ドコモ
山中 沙耶,やまなか さや,yamanaka_saya@example.com,女,57,1969/3/2,既婚,A型,岡山県,080-4950-5930,ドコモ
小出 直人,こいで なおと,koide_naoto@example.com,男,35,1991/4/2,既婚,AB型,東京都,090-8293-2179,ドコモ
妻夫木 礼子,つまぶき れいこ,tsumabuki_reiko@example.com,女,54,1972/1/8,既婚,O型,栃木県,080-6894-1010,ドコモ
篠山 まみ,しのやま まみ,shinoyama_mami@example.com,女,26,2000/5/11,既婚,O型,京都府,080-1663-7567,ドコモ
山形 奈央,やまがた なお,yamagata_nao@example.com,女,41,1985/3/29,既婚,A型,兵庫県,080-2735-9347,ドコモ
岩城 寛治,いわき かんじ,iwaki_kanji@example.com,男,49,1977/1/13,既婚,O型,静岡県,080-8232-7141,ドコモ
釈 勝久,しゃく かつひさ,shaku_katsuhisa@example.com,男,77,1948/11/10,既婚,A型,千葉県,080-1476-8714,ドコモ
大熊 倫子,おおくま のりこ,ookuma_noriko@example.com,女,39,1986/11/28,既婚,O型,群馬県,080-5919-2546,ドコモ
芦屋 誠治,あしや せいじ,ashiya_seiji@example.com,男,39,1987/1/29,未婚,O型,東京都,090-8889-1312,ドコモ
中野 景子,なかの けいこ,nakano_keiko@example.com,女,65,1961/7/20,既婚,A型,愛知県,090-1940-5184,ドコモ
石渡 俊介,いしわたり しゅんすけ,ishiwatari_shunsuke@example.com,男,50,1975/11/15,既婚,A型,奈良県,090-8187- 366,ドコモ
江藤 浩太郎,えとう こうたろう,etou_koutarou@example.com,男,80,1946/1/16,既婚,A型,東京都,090-5719-  93,au
古山 倫子,ふるやま のりこ,furuyama_noriko@example.com,女,55,1970/10/23,未婚,O型,高知県,080-3006-2527,au
哀川 明宏,あいかわ あきひろ,aikawa_akihiro@example.com,男,34,1991/9/26,既婚,B型,静岡県,080-3321-1534,au
谷本 英嗣,たにもと ひでつぐ,tanimoto_hidetsugu@example.com,男,61,1965/4/8,既婚,B型,大阪府,080-3451-3127,ドコモ
坪井 ケンイチ,つぼい けんいち,tsuboi_kenichi@example.com,男,43,1983/6/4,既婚,A型,群馬県,090-9562-8686,ドコモ
米谷 しぼり,よねや しぼり,yoneya_shibori@example.com,女,57,1969/5/5,既婚,O型,愛知県,080-3813-8936,ソフトバンク
久保田 フミヤ,くぼた ふみや,kubota_fumiya@example.com,男,30,1995/11/26,未婚,B型,愛知県,090-7167-3547,au
岩井 徹平,いわい てっぺい,iwai_teppei@example.com,男,59,1967/2/28,既婚,A型,埼玉県,090-1781-5401,ソフトバンク
根岸 美佳,ねぎし みか,negishi_mika@example.com,女,27,1999/2/25,既婚,A型,兵庫県,080-4148-6554,ドコモ
山田 遥,やまだ はるか,yamada_haruka@example.com,女,33,1992/12/9,既婚,AB型,茨城県,080-3700-2344,ドコモ
三宅 右京,みやけ うきょう,miyake_ukyou@example.com,男,59,1967/8/16,既婚,O型,東京都,080- 690-8542,ソフトバンク
田中 ひろみ,たなか ひろみ,tanaka_hiromi@example.com,女,22,2003/12/5,未婚,A型,福井県,090-8552-3777,ソフトバンク
小泉 慎之介,こいずみ しんのすけ,koizumi_shinnosuke@example.com,男,79,1946/10/15,既婚,A型,大阪府,080-5448- 427,ソフトバンク
玉井 ひとみ,たまい ひとみ,tamai_hitomi@example.com,女,35,1991/6/23,既婚,A型,神奈川県,080-4904-3895,ドコモ
内村 光,うちむら ひかる,uchimura_hikaru@example.com,女,20,2005/9/23,未婚,A型,奈良県,080-8223-4481,au
片山 真一,かたやま しんいち,katayama_shinichi@example.com,男,75,1950/9/9,既婚,A型,東京都,090-  91-2336,ドコモ
門脇 裕次郎,かどわき ゆうじろう,kadowaki_yuujirou@example.com,男,51,1974/10/24,既婚,B型,長野県,090-1429-3223,ドコモ
湊 倫子,みなと のりこ,minato_noriko@example.com,女,75,1951/8/12,既婚,A型,千葉県,080-9327-7572,ドコモ
高岡 晴臣,たかおか はるおみ,takaoka_haruomi@example.com,男,39,1987/5/21,未婚,A型,熊本県,090-6694-3788,ドコモ
池谷 ジョージ,いけたに じょーじ,iketani_george@example.com,男,76,1949/9/22,既婚,AB型,兵庫県,090-4345-7744,ドコモ
秋葉 太朗,あきば たろう,akiba_tarou@example.com,男,55,1971/3/12,既婚,A型,岡山県,080-5308-7185,au
木戸 薫,きど かおる,kido_kaoru@example.com,男,34,1992/3/17,未婚,A型,茨城県,090-6482-3345,ドコモ
横川 理紗,よこかわ りさ,yokokawa_risa@example.com,女,63,1963/8/8,既婚,A型,千葉県,090-1988-3058,ドコモ
山野 朝香,やまの あさか,yamano_asaka@example.com,女,54,1971/11/18,既婚,A型,宮崎県,080-7862-6010,au
真鍋 瑠璃亜,まなべ るりあ,manabe_ruria@example.com,女,39,1986/11/18,既婚,B型,岐阜県,080- 689-1488,au
関根 ケンイチ,せきね けんいち,sekine_kenichi@example.com,男,20,2005/10/16,未婚,A型,愛知県,090-6572-2141,ドコモ
藤沢 晃司,ふじさわ こうじ,fujisawa_kouji@example.com,男,74,1952/7/13,既婚,O型,京都府,090-8834-3952,ドコモ
今田 聖陽,いまだ まさあき,imada_masaaki@example.com,男,41,1985/4/11,既婚,A型,静岡県,080-7325-9314,ドコモ
小堀 勇介,こほり ゆうすけ,kohori_yuusuke@example.com,男,43,1983/5/27,既婚,O型,東京都,090-2461-5856,ドコモ
乾 結子,いぬい ゆうこ,inui_yuuko@example.com,女,24,2001/11/28,既婚,B型,愛知県,090-8174-7262,au
天野 瑠璃亜,あまの るりあ,amano_ruria@example.com,女,73,1953/5/31,既婚,A型,群馬県,090-9304-3029,ドコモ
岩佐 まなみ,いわさ まなみ,iwasa_manami@example.com,女,71,1954/11/19,既婚,O型,滋賀県,090-6393-3814,ソフトバンク
